Created by PLY version 3.11 (http://www.dabeaz.com/ply)

Grammar

Rule 0     S' -> start
Rule 1     empty -> <empty>
Rule 2     start -> tasknet
Rule 3     tasknet -> TASKNET NAME LBRACE tasknet_body_items RBRACE
Rule 4     tasknet_body_items -> tasknet_body_item
Rule 5     tasknet_body_items -> tasknet_body_items tasknet_body_item
Rule 6     tasknet_body_item -> end_decl
Rule 7     tasknet_body_item -> timelines_block
Rule 8     tasknet_body_item -> initial_block
Rule 9     tasknet_body_item -> final_block
Rule 10    tasknet_body_item -> task_def
Rule 11    tasknet_body_item -> constraints_tl_block
Rule 12    tasknet_body_item -> properties_block
Rule 13    tasknet_body_item -> PARAM NAME EQ param_value SEMI
Rule 14    end_decl -> END EQ NUMBER SEMI
Rule 15    timelines_block -> TIMELINES LBRACE timeline_decl_list RBRACE
Rule 16    timeline_decl_list -> empty
Rule 17    timeline_decl_list -> timeline_decl_list timeline_decl
Rule 18    timeline_decl_list -> timeline_decl
Rule 19    timeline_decl -> NAME COLON timeline_kind SEMI
Rule 20    timeline_kind -> STATE LPAREN state_list RPAREN EQ NAME
Rule 21    timeline_kind -> STATE LPAREN state_list RPAREN EQ NUMBER
Rule 22    state_list -> NAME
Rule 23    state_list -> NUMBER
Rule 24    state_list -> state_list COMMA NAME
Rule 25    state_list -> state_list COMMA NUMBER
Rule 26    timeline_kind -> ATOMIC init_int_opt
Rule 27    claim_kw -> CLAIM
Rule 28    claim_kw -> CLAIMABLE
Rule 29    cumul_kw -> CUMUL
Rule 30    cumul_kw -> CUMULATIVE
Rule 31    range -> LBRACKET NUMBER COMMA NUMBER RBRACKET
Rule 32    range_opt -> empty
Rule 33    range_opt -> range
Rule 34    bounds_opt -> empty
Rule 35    bounds_opt -> BOUNDS range
Rule 36    init_opt -> empty
Rule 37    init_opt -> EQ NUMBER
Rule 38    initial_rate_opt -> empty
Rule 39    initial_rate_opt -> INITIAL_RATE EQ NUMBER
Rule 40    init_int_opt -> empty
Rule 41    init_int_opt -> EQ NUMBER
Rule 42    timeline_kind -> claim_kw range_opt init_opt
Rule 43    timeline_kind -> cumul_kw range_opt bounds_opt init_opt
Rule 44    timeline_kind -> RATE range_opt bounds_opt init_opt initial_rate_opt
Rule 45    initial_block -> INITIAL LBRACE tlcon_list RBRACE
Rule 46    final_block -> FINAL LBRACE tlcon_list RBRACE
Rule 47    final_block -> FINAL WITHIN INITIAL LBRACE tlcon_list RBRACE
Rule 48    final_block -> FINAL WITHIN INITIAL SEMI
Rule 49    task_def -> TASKDEF NAME LBRACE task_body_items RBRACE
Rule 50    task_def -> task_modifier_opt TASK NAME extends_opt LBRACE task_body_items RBRACE
Rule 51    task_def -> task_modifier_opt TASK NAME extends_opt SEMI
Rule 52    task_modifier_opt -> empty
Rule 53    task_modifier_opt -> OPTIONAL
Rule 54    task_def -> task_modifier_opt TASK NAME LBRACKET NUMBER DOTDOT NUMBER RBRACKET extends_opt LBRACE task_body_items RBRACE
Rule 55    task_def -> task_modifier_opt TASK NAME LBRACKET NUMBER RBRACKET extends_opt LBRACE task_body_items RBRACE
Rule 56    task_def -> task_modifier_opt TASK NAME LBRACKET NUMBER DOTDOT NUMBER RBRACKET extends_opt SEMI
Rule 57    task_def -> task_modifier_opt TASK NAME LBRACKET NUMBER RBRACKET extends_opt SEMI
Rule 58    task_modifier_opt -> REQUEST
Rule 59    extends_opt -> empty
Rule 60    extends_opt -> COLON NAME
Rule 61    task_body_items -> empty
Rule 62    task_body_items -> task_body_item
Rule 63    task_body_items -> task_body_items task_body_item
Rule 64    task_body_item -> task_id
Rule 65    task_body_item -> task_priority
Rule 66    task_body_item -> task_start_range
Rule 67    task_body_item -> task_end_range
Rule 68    task_body_item -> task_duration_range
Rule 69    task_body_item -> task_duration
Rule 70    task_body_item -> task_start_opt
Rule 71    task_body_item -> task_after
Rule 72    task_body_item -> task_containedin
Rule 73    task_body_item -> param_block
Rule 74    task_body_item -> constraints_block
Rule 75    task_body_item -> pre_block
Rule 76    task_body_item -> inv_block
Rule 77    task_body_item -> post_block
Rule 78    task_body_item -> task_impacts
Rule 79    task_body_item -> task_def
Rule 80    task_id -> ID_KW NUMBER SEMI
Rule 81    task_priority -> PRIORITY NUMBER SEMI
Rule 82    task_start_range -> START_RANGE range SEMI
Rule 83    task_end_range -> END_RANGE range SEMI
Rule 84    task_duration_range -> DURATION_RANGE range SEMI
Rule 85    task_duration -> DURATION value SEMI
Rule 86    task_start_opt -> START_KW NUMBER SEMI
Rule 87    task_start_opt -> empty
Rule 88    task_after -> AFTER after_list SEMI
Rule 89    after_list -> empty
Rule 90    after_list -> after_item
Rule 91    after_list -> after_list COMMA after_item
Rule 92    after_item -> NAME
Rule 93    after_item -> NAME LBRACKET NUMBER COMMA NUMBER RBRACKET
Rule 94    after_item -> NAME NUMBER
Rule 95    task_containedin -> CONTAINEDIN containedin_list SEMI
Rule 96    containedin_list -> empty
Rule 97    containedin_list -> containedin_item
Rule 98    containedin_list -> containedin_list COMMA containedin_item
Rule 99    containedin_item -> NAME
Rule 100   containedin_item -> NAME offset offset
Rule 101   containedin_item -> NAME NUMBER
Rule 102   offset -> LBRACKET NUMBER COMMA NUMBER RBRACKET
Rule 103   offset -> NUMBER
Rule 104   name_list -> empty
Rule 105   name_list -> NAME
Rule 106   name_list -> name_list COMMA NAME
Rule 107   constraints_block -> CONSTRAINTS LBRACE constraints_items RBRACE
Rule 108   constraints_items -> empty
Rule 109   constraints_items -> constraints_item
Rule 110   constraints_items -> constraints_items constraints_item
Rule 111   constraints_item -> pre_block
Rule 112   constraints_item -> inv_block
Rule 113   constraints_item -> post_block
Rule 114   pre_block -> PRE LBRACE tlcon_list RBRACE
Rule 115   inv_block -> INV LBRACE tlcon_list RBRACE
Rule 116   post_block -> POST LBRACE tlcon_list RBRACE
Rule 117   tlcon_list -> empty
Rule 118   tlcon_list -> tlcon_stmt
Rule 119   tlcon_list -> tlcon_list tlcon_stmt
Rule 120   tlcon_stmt -> NAME EQ value SEMI
Rule 121   tlcon_stmt -> NAME IN con_list SEMI
Rule 122   con_list -> con_item
Rule 123   con_list -> con_list con_item
Rule 124   con_item -> value
Rule 125   con_item -> range
Rule 126   task_impacts -> impacts_block
Rule 127   task_impacts -> empty
Rule 128   impacts_block -> IMPACTS LBRACE impact_group_list RBRACE
Rule 129   impact_group_list -> empty
Rule 130   impact_group_list -> impact_group
Rule 131   impact_group_list -> impact_group_list impact_group
Rule 132   impact_group -> impact_when LBRACE impact_group_entries RBRACE
Rule 133   impact_when -> PRE
Rule 134   impact_when -> MAINT
Rule 135   impact_when -> POST
Rule 136   impact_group_entries -> empty
Rule 137   impact_group_entries -> impact_group_entry
Rule 138   impact_group_entries -> impact_group_entries impact_group_entry
Rule 139   impact_group_entry -> NAME impact_rhs SEMI
Rule 140   impact_rhs -> EQ value
Rule 141   impact_rhs -> PLUS_EQ NUMBER
Rule 142   impact_rhs -> MINUS_EQ NUMBER
Rule 143   impact_rhs -> PLUS_RATE NUMBER
Rule 144   impact_rhs -> MINUS_RATE NUMBER
Rule 145   impact_rhs -> ASSIGN_RATE NUMBER
Rule 146   constraints_tl_block -> CONSTRAINTS LBRACE temporal_prop_list RBRACE
Rule 147   properties_block -> PROPERTIES LBRACE temporal_prop_list RBRACE
Rule 148   temporal_prop_list -> empty
Rule 149   temporal_prop_list -> temporal_prop
Rule 150   temporal_prop_list -> temporal_prop_list temporal_prop
Rule 151   temporal_prop -> PROP NAME COLON tl_formula SEMI
Rule 152   temporal_prop -> tl_formula SEMI
Rule 153   tl_formula -> tl_imp
Rule 154   tl_imp -> tl_or
Rule 155   tl_imp -> tl_or IMPLIES tl_imp
Rule 156   tl_imp -> tl_or IMPLIES_KW tl_imp
Rule 157   tl_or -> tl_and
Rule 158   tl_or -> tl_or OR tl_and
Rule 159   tl_and -> tl_u
Rule 160   tl_and -> tl_and AND tl_u
Rule 161   tl_u -> tl_unary
Rule 162   tl_u -> tl_unary UNTIL tl_unary
Rule 163   tl_u -> tl_unary SINCE tl_unary
Rule 164   tl_unary -> NOT tl_unary
Rule 165   tl_unary -> ALWAYS tl_unary
Rule 166   tl_unary -> EVENTUALLY tl_unary
Rule 167   tl_unary -> SOFAR tl_unary
Rule 168   tl_unary -> ONCE tl_unary
Rule 169   tl_unary -> LPAREN tl_formula RPAREN
Rule 170   tl_unary -> tl_atom
Rule 171   tl_atom -> NAME cmp_op NUMBER
Rule 172   tl_atom -> NAME EQ NAME
Rule 173   tl_atom -> NAME EQ TRUE
Rule 174   tl_atom -> NAME EQ FALSE
Rule 175   tl_atom -> ACTIVE LPAREN NAME RPAREN
Rule 176   tl_atom -> TRUE
Rule 177   tl_atom -> FALSE
Rule 178   tl_atom -> TIME cmp_op NUMBER
Rule 179   tl_atom -> TIME cmp_op NAME DOT START_KW
Rule 180   tl_atom -> TIME cmp_op NAME DOT END
Rule 181   tl_atom -> NAME DOT START_KW cmp_op NUMBER
Rule 182   tl_atom -> NAME DOT END cmp_op NUMBER
Rule 183   tl_atom -> NAME DOT START_KW cmp_op NAME DOT START_KW
Rule 184   tl_atom -> NAME DOT START_KW cmp_op NAME DOT END
Rule 185   tl_atom -> NAME DOT END cmp_op NAME DOT START_KW
Rule 186   tl_atom -> NAME DOT END cmp_op NAME DOT END
Rule 187   tl_atom -> SEQUENCE LBRACKET task_name_list RBRACKET
Rule 188   tl_atom -> MUTEX LBRACKET task_name_list RBRACKET
Rule 189   tl_atom -> MUTEX CROSS LBRACKET task_name_list RBRACKET
Rule 190   tl_atom -> MUTEX LBRACKET task_name_list RBRACKET WITH LBRACKET task_name_list RBRACKET
Rule 191   task_name_list -> NAME
Rule 192   task_name_list -> task_name_list COMMA NAME
Rule 193   cmp_op -> LT
Rule 194   cmp_op -> LE
Rule 195   cmp_op -> EQ
Rule 196   cmp_op -> GE
Rule 197   cmp_op -> GT
Rule 198   value -> STRING
Rule 199   value -> NUMBER
Rule 200   value -> TRUE
Rule 201   value -> FALSE
Rule 202   value -> NAME
Rule 203   param_block -> PARAM LBRACE param_decl_list RBRACE
Rule 204   param_decl_list -> empty
Rule 205   param_decl_list -> param_decl
Rule 206   param_decl_list -> param_decl_list param_decl
Rule 207   param_decl -> NAME EQ param_value SEMI
Rule 208   param_value -> value
Rule 209   param_value -> LBRACKET NUMBER COMMA NUMBER RBRACKET

Terminals, with rules where they appear

ACTIVE               : 175
AFTER                : 88
ALWAYS               : 165
AND                  : 160
ASSIGN_RATE          : 145
ATOMIC               : 26
BOUNDS               : 35
CLAIM                : 27
CLAIMABLE            : 28
COLON                : 19 60 151
COMMA                : 24 25 31 91 93 98 102 106 192 209
CONSTRAINTS          : 107 146
CONTAINEDIN          : 95
CROSS                : 189
CUMUL                : 29
CUMULATIVE           : 30
DOT                  : 179 180 181 182 183 183 184 184 185 185 186 186
DOTDOT               : 54 56
DURATION             : 85
DURATION_RANGE       : 84
END                  : 14 180 182 184 185 186 186
END_RANGE            : 83
EQ                   : 13 14 20 21 37 39 41 120 140 172 173 174 195 207
EVENTUALLY           : 166
FALSE                : 174 177 201
FINAL                : 46 47 48
GE                   : 196
GT                   : 197
ID_KW                : 80
IMPACTS              : 128
IMPLIES              : 155
IMPLIES_KW           : 156
IN                   : 121
INITIAL              : 45 47 48
INITIAL_RATE         : 39
INV                  : 115
LBRACE               : 3 15 45 46 47 49 50 54 55 107 114 115 116 128 132 146 147 203
LBRACKET             : 31 54 55 56 57 93 102 187 188 189 190 190 209
LE                   : 194
LPAREN               : 20 21 169 175
LT                   : 193
MAINT                : 134
MINUS_EQ             : 142
MINUS_RATE           : 144
MUTEX                : 188 189 190
NAME                 : 3 13 19 20 22 24 49 50 51 54 55 56 57 60 92 93 94 99 100 101 105 106 120 121 139 151 171 172 172 173 174 175 179 180 181 182 183 183 184 184 185 185 186 186 191 192 202 207
NOT                  : 164
NUMBER               : 14 21 23 25 31 31 37 39 41 54 54 55 56 56 57 80 81 86 93 93 94 101 102 102 103 141 142 143 144 145 171 178 181 182 199 209 209
ONCE                 : 168
OPTIONAL             : 53
OR                   : 158
PARAM                : 13 203
PLUS_EQ              : 141
PLUS_RATE            : 143
POST                 : 116 135
PRE                  : 114 133
PRIORITY             : 81
PROP                 : 151
PROPERTIES           : 147
RATE                 : 44
RBRACE               : 3 15 45 46 47 49 50 54 55 107 114 115 116 128 132 146 147 203
RBRACKET             : 31 54 55 56 57 93 102 187 188 189 190 190 209
REQUEST              : 58
RPAREN               : 20 21 169 175
SEMI                 : 13 14 19 48 51 56 57 80 81 82 83 84 85 86 88 95 120 121 139 151 152 207
SEQUENCE             : 187
SINCE                : 163
SOFAR                : 167
START_KW             : 86 179 181 183 183 184 185
START_RANGE          : 82
STATE                : 20 21
STRING               : 198
TASK                 : 50 51 54 55 56 57
TASKDEF              : 49
TASKNET              : 3
TIME                 : 178 179 180
TIMELINES            : 15
TRUE                 : 173 176 200
UNTIL                : 162
WITH                 : 190
WITHIN               : 47 48
error                : 

Nonterminals, with rules where they appear

after_item           : 90 91
after_list           : 88 91
bounds_opt           : 43 44
claim_kw             : 42
cmp_op               : 171 178 179 180 181 182 183 184 185 186
con_item             : 122 123
con_list             : 121 123
constraints_block    : 74
constraints_item     : 109 110
constraints_items    : 107 110
constraints_tl_block : 11
containedin_item     : 97 98
containedin_list     : 95 98
cumul_kw             : 43
empty                : 16 32 34 36 38 40 52 59 61 87 89 96 104 108 117 127 129 136 148 204
end_decl             : 6
extends_opt          : 50 51 54 55 56 57
final_block          : 9
impact_group         : 130 131
impact_group_entries : 132 138
impact_group_entry   : 137 138
impact_group_list    : 128 131
impact_rhs           : 139
impact_when          : 132
impacts_block        : 126
init_int_opt         : 26
init_opt             : 42 43 44
initial_block        : 8
initial_rate_opt     : 44
inv_block            : 76 112
name_list            : 106
offset               : 100 100
param_block          : 73
param_decl           : 205 206
param_decl_list      : 203 206
param_value          : 13 207
post_block           : 77 113
pre_block            : 75 111
properties_block     : 12
range                : 33 35 82 83 84 125
range_opt            : 42 43 44
start                : 0
state_list           : 20 21 24 25
task_after           : 71
task_body_item       : 62 63
task_body_items      : 49 50 54 55 63
task_containedin     : 72
task_def             : 10 79
task_duration        : 69
task_duration_range  : 68
task_end_range       : 67
task_id              : 64
task_impacts         : 78
task_modifier_opt    : 50 51 54 55 56 57
task_name_list       : 187 188 189 190 190 192
task_priority        : 65
task_start_opt       : 70
task_start_range     : 66
tasknet              : 2
tasknet_body_item    : 4 5
tasknet_body_items   : 3 5
temporal_prop        : 149 150
temporal_prop_list   : 146 147 150
timeline_decl        : 17 18
timeline_decl_list   : 15 17
timeline_kind        : 19
timelines_block      : 7
tl_and               : 157 158 160
tl_atom              : 170
tl_formula           : 151 152 169
tl_imp               : 153 155 156
tl_or                : 154 155 156 158
tl_u                 : 159 160
tl_unary             : 161 162 162 163 163 164 165 166 167 168
tlcon_list           : 45 46 47 114 115 116 119
tlcon_stmt           : 118 119
value                : 85 120 124 140 208

Parsing method: LALR

state 0

    (0) S' -> . start
    (2) start -> . tasknet
    (3) tasknet -> . TASKNET NAME LBRACE tasknet_body_items RBRACE

    TASKNET         shift and go to state 3

    start                          shift and go to state 1
    tasknet                        shift and go to state 2

state 1

    (0) S' -> start .



state 2

    (2) start -> tasknet .

    $end            reduce using rule 2 (start -> tasknet .)


state 3

    (3) tasknet -> TASKNET . NAME LBRACE tasknet_body_items RBRACE

    NAME            shift and go to state 4


state 4

    (3) tasknet -> TASKNET NAME . LBRACE tasknet_body_items RBRACE

    LBRACE          shift and go to state 5


state 5

    (3) tasknet -> TASKNET NAME LBRACE . tasknet_body_items RBRACE
    (4) tasknet_body_items -> . tasknet_body_item
    (5) tasknet_body_items -> . tasknet_body_items tasknet_body_item
    (6) tasknet_body_item -> . end_decl
    (7) tasknet_body_item -> . timelines_block
    (8) tasknet_body_item -> . initial_block
    (9) tasknet_body_item -> . final_block
    (10) tasknet_body_item -> . task_def
    (11) tasknet_body_item -> . constraints_tl_block
    (12) tasknet_body_item -> . properties_block
    (13) tasknet_body_item -> . PARAM NAME EQ param_value SEMI
    (14) end_decl -> . END EQ NUMBER SEMI
    (15) timelines_block -> . TIMELINES LBRACE timeline_decl_list RBRACE
    (45) initial_block -> . INITIAL LBRACE tlcon_list RBRACE
    (46) final_block -> . FINAL LBRACE tlcon_list RBRACE
    (47) final_block -> . FINAL WITHIN INITIAL LBRACE tlcon_list RBRACE
    (48) final_block -> . FINAL WITHIN INITIAL SEMI
    (49) task_def -> . TASKDEF NAME LBRACE task_body_items RBRACE
    (50) task_def -> . task_modifier_opt TASK NAME extends_opt LBRACE task_body_items RBRACE
    (51) task_def -> . task_modifier_opt TASK NAME extends_opt SEMI
    (54) task_def -> . task_modifier_opt TASK NAME LBRACKET NUMBER DOTDOT NUMBER RBRACKET extends_opt LBRACE task_body_items RBRACE
    (55) task_def -> . task_modifier_opt TASK NAME LBRACKET NUMBER RBRACKET extends_opt LBRACE task_body_items RBRACE
    (56) task_def -> . task_modifier_opt TASK NAME LBRACKET NUMBER DOTDOT NUMBER RBRACKET extends_opt SEMI
    (57) task_def -> . task_modifier_opt TASK NAME LBRACKET NUMBER RBRACKET extends_opt SEMI
    (146) constraints_tl_block -> . CONSTRAINTS LBRACE temporal_prop_list RBRACE
    (147) properties_block -> . PROPERTIES LBRACE temporal_prop_list RBRACE
    (52) task_modifier_opt -> . empty
    (53) task_modifier_opt -> . OPTIONAL
    (58) task_modifier_opt -> . REQUEST
    (1) empty -> .

    PARAM           shift and go to state 15
    END             shift and go to state 16
    TIMELINES       shift and go to state 17
    INITIAL         shift and go to state 18
    FINAL           shift and go to state 19
    TASKDEF         shift and go to state 20
    CONSTRAINTS     shift and go to state 22
    PROPERTIES      shift and go to state 23
    OPTIONAL        shift and go to state 25
    REQUEST         shift and go to state 26
    TASK            reduce using rule 1 (empty -> .)

    tasknet_body_items             shift and go to state 6
    tasknet_body_item              shift and go to state 7
    end_decl                       shift and go to state 8
    timelines_block                shift and go to state 9
    initial_block                  shift and go to state 10
    final_block                    shift and go to state 11
    task_def                       shift and go to state 12
    constraints_tl_block           shift and go to state 13
    properties_block               shift and go to state 14
    task_modifier_opt              shift and go to state 21
    empty                          shift and go to state 24

state 6

    (3) tasknet -> TASKNET NAME LBRACE tasknet_body_items . RBRACE
    (5) tasknet_body_items -> tasknet_body_items . tasknet_body_item
    (6) tasknet_body_item -> . end_decl
    (7) tasknet_body_item -> . timelines_block
    (8) tasknet_body_item -> . initial_block
    (9) tasknet_body_item -> . final_block
    (10) tasknet_body_item -> . task_def
    (11) tasknet_body_item -> . constraints_tl_block
    (12) tasknet_body_item -> . properties_block
    (13) tasknet_body_item -> . PARAM NAME EQ param_value SEMI
    (14) end_decl -> . END EQ NUMBER SEMI
    (15) timelines_block -> . TIMELINES LBRACE timeline_decl_list RBRACE
    (45) initial_block -> . INITIAL LBRACE tlcon_list RBRACE
    (46) final_block -> . FINAL LBRACE tlcon_list RBRACE
    (47) final_block -> . FINAL WITHIN INITIAL LBRACE tlcon_list RBRACE
    (48) final_block -> . FINAL WITHIN INITIAL SEMI
    (49) task_def -> . TASKDEF NAME LBRACE task_body_items RBRACE
    (50) task_def -> . task_modifier_opt TASK NAME extends_opt LBRACE task_body_items RBRACE
    (51) task_def -> . task_modifier_opt TASK NAME extends_opt SEMI
    (54) task_def -> . task_modifier_opt TASK NAME LBRACKET NUMBER DOTDOT NUMBER RBRACKET extends_opt LBRACE task_body_items RBRACE
    (55) task_def -> . task_modifier_opt TASK NAME LBRACKET NUMBER RBRACKET extends_opt LBRACE task_body_items RBRACE
    (56) task_def -> . task_modifier_opt TASK NAME LBRACKET NUMBER DOTDOT NUMBER RBRACKET extends_opt SEMI
    (57) task_def -> . task_modifier_opt TASK NAME LBRACKET NUMBER RBRACKET extends_opt SEMI
    (146) constraints_tl_block -> . CONSTRAINTS LBRACE temporal_prop_list RBRACE
    (147) properties_block -> . PROPERTIES LBRACE temporal_prop_list RBRACE
    (52) task_modifier_opt -> . empty
    (53) task_modifier_opt -> . OPTIONAL
    (58) task_modifier_opt -> . REQUEST
    (1) empty -> .

    RBRACE          shift and go to state 27
    PARAM           shift and go to state 15
    END             shift and go to state 16
    TIMELINES       shift and go to state 17
    INITIAL         shift and go to state 18
    FINAL           shift and go to state 19
    TASKDEF         shift and go to state 20
    CONSTRAINTS     shift and go to state 22
    PROPERTIES      shift and go to state 23
    OPTIONAL        shift and go to state 25
    REQUEST         shift and go to state 26
    TASK            reduce using rule 1 (empty -> .)

    tasknet_body_item              shift and go to state 28
    end_decl                       shift and go to state 8
    timelines_block                shift and go to state 9
    initial_block                  shift and go to state 10
    final_block                    shift and go to state 11
    task_def                       shift and go to state 12
    constraints_tl_block           shift and go to state 13
    properties_block               shift and go to state 14
    task_modifier_opt              shift and go to state 21
    empty                          shift and go to state 24

state 7

    (4) tasknet_body_items -> tasknet_body_item .

    RBRACE          reduce using rule 4 (tasknet_body_items -> tasknet_body_item .)
    PARAM           reduce using rule 4 (tasknet_body_items -> tasknet_body_item .)
    END             reduce using rule 4 (tasknet_body_items -> tasknet_body_item .)
    TIMELINES       reduce using rule 4 (tasknet_body_items -> tasknet_body_item .)
    INITIAL         reduce using rule 4 (tasknet_body_items -> tasknet_body_item .)
    FINAL           reduce using rule 4 (tasknet_body_items -> tasknet_body_item .)
    TASKDEF         reduce using rule 4 (tasknet_body_items -> tasknet_body_item .)
    CONSTRAINTS     reduce using rule 4 (tasknet_body_items -> tasknet_body_item .)
    PROPERTIES      reduce using rule 4 (tasknet_body_items -> tasknet_body_item .)
    OPTIONAL        reduce using rule 4 (tasknet_body_items -> tasknet_body_item .)
    REQUEST         reduce using rule 4 (tasknet_body_items -> tasknet_body_item .)
    TASK            reduce using rule 4 (tasknet_body_items -> tasknet_body_item .)


state 8

    (6) tasknet_body_item -> end_decl .

    RBRACE          reduce using rule 6 (tasknet_body_item -> end_decl .)
    PARAM           reduce using rule 6 (tasknet_body_item -> end_decl .)
    END             reduce using rule 6 (tasknet_body_item -> end_decl .)
    TIMELINES       reduce using rule 6 (tasknet_body_item -> end_decl .)
    INITIAL         reduce using rule 6 (tasknet_body_item -> end_decl .)
    FINAL           reduce using rule 6 (tasknet_body_item -> end_decl .)
    TASKDEF         reduce using rule 6 (tasknet_body_item -> end_decl .)
    CONSTRAINTS     reduce using rule 6 (tasknet_body_item -> end_decl .)
    PROPERTIES      reduce using rule 6 (tasknet_body_item -> end_decl .)
    OPTIONAL        reduce using rule 6 (tasknet_body_item -> end_decl .)
    REQUEST         reduce using rule 6 (tasknet_body_item -> end_decl .)
    TASK            reduce using rule 6 (tasknet_body_item -> end_decl .)


state 9

    (7) tasknet_body_item -> timelines_block .

    RBRACE          reduce using rule 7 (tasknet_body_item -> timelines_block .)
    PARAM           reduce using rule 7 (tasknet_body_item -> timelines_block .)
    END             reduce using rule 7 (tasknet_body_item -> timelines_block .)
    TIMELINES       reduce using rule 7 (tasknet_body_item -> timelines_block .)
    INITIAL         reduce using rule 7 (tasknet_body_item -> timelines_block .)
    FINAL           reduce using rule 7 (tasknet_body_item -> timelines_block .)
    TASKDEF         reduce using rule 7 (tasknet_body_item -> timelines_block .)
    CONSTRAINTS     reduce using rule 7 (tasknet_body_item -> timelines_block .)
    PROPERTIES      reduce using rule 7 (tasknet_body_item -> timelines_block .)
    OPTIONAL        reduce using rule 7 (tasknet_body_item -> timelines_block .)
    REQUEST         reduce using rule 7 (tasknet_body_item -> timelines_block .)
    TASK            reduce using rule 7 (tasknet_body_item -> timelines_block .)


state 10

    (8) tasknet_body_item -> initial_block .

    RBRACE          reduce using rule 8 (tasknet_body_item -> initial_block .)
    PARAM           reduce using rule 8 (tasknet_body_item -> initial_block .)
    END             reduce using rule 8 (tasknet_body_item -> initial_block .)
    TIMELINES       reduce using rule 8 (tasknet_body_item -> initial_block .)
    INITIAL         reduce using rule 8 (tasknet_body_item -> initial_block .)
    FINAL           reduce using rule 8 (tasknet_body_item -> initial_block .)
    TASKDEF         reduce using rule 8 (tasknet_body_item -> initial_block .)
    CONSTRAINTS     reduce using rule 8 (tasknet_body_item -> initial_block .)
    PROPERTIES      reduce using rule 8 (tasknet_body_item -> initial_block .)
    OPTIONAL        reduce using rule 8 (tasknet_body_item -> initial_block .)
    REQUEST         reduce using rule 8 (tasknet_body_item -> initial_block .)
    TASK            reduce using rule 8 (tasknet_body_item -> initial_block .)


state 11

    (9) tasknet_body_item -> final_block .

    RBRACE          reduce using rule 9 (tasknet_body_item -> final_block .)
    PARAM           reduce using rule 9 (tasknet_body_item -> final_block .)
    END             reduce using rule 9 (tasknet_body_item -> final_block .)
    TIMELINES       reduce using rule 9 (tasknet_body_item -> final_block .)
    INITIAL         reduce using rule 9 (tasknet_body_item -> final_block .)
    FINAL           reduce using rule 9 (tasknet_body_item -> final_block .)
    TASKDEF         reduce using rule 9 (tasknet_body_item -> final_block .)
    CONSTRAINTS     reduce using rule 9 (tasknet_body_item -> final_block .)
    PROPERTIES      reduce using rule 9 (tasknet_body_item -> final_block .)
    OPTIONAL        reduce using rule 9 (tasknet_body_item -> final_block .)
    REQUEST         reduce using rule 9 (tasknet_body_item -> final_block .)
    TASK            reduce using rule 9 (tasknet_body_item -> final_block .)


state 12

    (10) tasknet_body_item -> task_def .

    RBRACE          reduce using rule 10 (tasknet_body_item -> task_def .)
    PARAM           reduce using rule 10 (tasknet_body_item -> task_def .)
    END             reduce using rule 10 (tasknet_body_item -> task_def .)
    TIMELINES       reduce using rule 10 (tasknet_body_item -> task_def .)
    INITIAL         reduce using rule 10 (tasknet_body_item -> task_def .)
    FINAL           reduce using rule 10 (tasknet_body_item -> task_def .)
    TASKDEF         reduce using rule 10 (tasknet_body_item -> task_def .)
    CONSTRAINTS     reduce using rule 10 (tasknet_body_item -> task_def .)
    PROPERTIES      reduce using rule 10 (tasknet_body_item -> task_def .)
    OPTIONAL        reduce using rule 10 (tasknet_body_item -> task_def .)
    REQUEST         reduce using rule 10 (tasknet_body_item -> task_def .)
    TASK            reduce using rule 10 (tasknet_body_item -> task_def .)


state 13

    (11) tasknet_body_item -> constraints_tl_block .

    RBRACE          reduce using rule 11 (tasknet_body_item -> constraints_tl_block .)
    PARAM           reduce using rule 11 (tasknet_body_item -> constraints_tl_block .)
    END             reduce using rule 11 (tasknet_body_item -> constraints_tl_block .)
    TIMELINES       reduce using rule 11 (tasknet_body_item -> constraints_tl_block .)
    INITIAL         reduce using rule 11 (tasknet_body_item -> constraints_tl_block .)
    FINAL           reduce using rule 11 (tasknet_body_item -> constraints_tl_block .)
    TASKDEF         reduce using rule 11 (tasknet_body_item -> constraints_tl_block .)
    CONSTRAINTS     reduce using rule 11 (tasknet_body_item -> constraints_tl_block .)
    PROPERTIES      reduce using rule 11 (tasknet_body_item -> constraints_tl_block .)
    OPTIONAL        reduce using rule 11 (tasknet_body_item -> constraints_tl_block .)
    REQUEST         reduce using rule 11 (tasknet_body_item -> constraints_tl_block .)
    TASK            reduce using rule 11 (tasknet_body_item -> constraints_tl_block .)


state 14

    (12) tasknet_body_item -> properties_block .

    RBRACE          reduce using rule 12 (tasknet_body_item -> properties_block .)
    PARAM           reduce using rule 12 (tasknet_body_item -> properties_block .)
    END             reduce using rule 12 (tasknet_body_item -> properties_block .)
    TIMELINES       reduce using rule 12 (tasknet_body_item -> properties_block .)
    INITIAL         reduce using rule 12 (tasknet_body_item -> properties_block .)
    FINAL           reduce using rule 12 (tasknet_body_item -> properties_block .)
    TASKDEF         reduce using rule 12 (tasknet_body_item -> properties_block .)
    CONSTRAINTS     reduce using rule 12 (tasknet_body_item -> properties_block .)
    PROPERTIES      reduce using rule 12 (tasknet_body_item -> properties_block .)
    OPTIONAL        reduce using rule 12 (tasknet_body_item -> properties_block .)
    REQUEST         reduce using rule 12 (tasknet_body_item -> properties_block .)
    TASK            reduce using rule 12 (tasknet_body_item -> properties_block .)


state 15

    (13) tasknet_body_item -> PARAM . NAME EQ param_value SEMI

    NAME            shift and go to state 29


state 16

    (14) end_decl -> END . EQ NUMBER SEMI

    EQ              shift and go to state 30


state 17

    (15) timelines_block -> TIMELINES . LBRACE timeline_decl_list RBRACE

    LBRACE          shift and go to state 31


state 18

    (45) initial_block -> INITIAL . LBRACE tlcon_list RBRACE

    LBRACE          shift and go to state 32


state 19

    (46) final_block -> FINAL . LBRACE tlcon_list RBRACE
    (47) final_block -> FINAL . WITHIN INITIAL LBRACE tlcon_list RBRACE
    (48) final_block -> FINAL . WITHIN INITIAL SEMI

    LBRACE          shift and go to state 33
    WITHIN          shift and go to state 34


state 20

    (49) task_def -> TASKDEF . NAME LBRACE task_body_items RBRACE

    NAME            shift and go to state 35


state 21

    (50) task_def -> task_modifier_opt . TASK NAME extends_opt LBRACE task_body_items RBRACE
    (51) task_def -> task_modifier_opt . TASK NAME extends_opt SEMI
    (54) task_def -> task_modifier_opt . TASK NAME LBRACKET NUMBER DOTDOT NUMBER RBRACKET extends_opt LBRACE task_body_items RBRACE
    (55) task_def -> task_modifier_opt . TASK NAME LBRACKET NUMBER RBRACKET extends_opt LBRACE task_body_items RBRACE
    (56) task_def -> task_modifier_opt . TASK NAME LBRACKET NUMBER DOTDOT NUMBER RBRACKET extends_opt SEMI
    (57) task_def -> task_modifier_opt . TASK NAME LBRACKET NUMBER RBRACKET extends_opt SEMI

    TASK            shift and go to state 36


state 22

    (146) constraints_tl_block -> CONSTRAINTS . LBRACE temporal_prop_list RBRACE

    LBRACE          shift and go to state 37


state 23

    (147) properties_block -> PROPERTIES . LBRACE temporal_prop_list RBRACE

    LBRACE          shift and go to state 38


state 24

    (52) task_modifier_opt -> empty .

    TASK            reduce using rule 52 (task_modifier_opt -> empty .)


state 25

    (53) task_modifier_opt -> OPTIONAL .

    TASK            reduce using rule 53 (task_modifier_opt -> OPTIONAL .)


state 26

    (58) task_modifier_opt -> REQUEST .

    TASK            reduce using rule 58 (task_modifier_opt -> REQUEST .)


state 27

    (3) tasknet -> TASKNET NAME LBRACE tasknet_body_items RBRACE .

    $end            reduce using rule 3 (tasknet -> TASKNET NAME LBRACE tasknet_body_items RBRACE .)


state 28

    (5) tasknet_body_items -> tasknet_body_items tasknet_body_item .

    RBRACE          reduce using rule 5 (tasknet_body_items -> tasknet_body_items tasknet_body_item .)
    PARAM           reduce using rule 5 (tasknet_body_items -> tasknet_body_items tasknet_body_item .)
    END             reduce using rule 5 (tasknet_body_items -> tasknet_body_items tasknet_body_item .)
    TIMELINES       reduce using rule 5 (tasknet_body_items -> tasknet_body_items tasknet_body_item .)
    INITIAL         reduce using rule 5 (tasknet_body_items -> tasknet_body_items tasknet_body_item .)
    FINAL           reduce using rule 5 (tasknet_body_items -> tasknet_body_items tasknet_body_item .)
    TASKDEF         reduce using rule 5 (tasknet_body_items -> tasknet_body_items tasknet_body_item .)
    CONSTRAINTS     reduce using rule 5 (tasknet_body_items -> tasknet_body_items tasknet_body_item .)
    PROPERTIES      reduce using rule 5 (tasknet_body_items -> tasknet_body_items tasknet_body_item .)
    OPTIONAL        reduce using rule 5 (tasknet_body_items -> tasknet_body_items tasknet_body_item .)
    REQUEST         reduce using rule 5 (tasknet_body_items -> tasknet_body_items tasknet_body_item .)
    TASK            reduce using rule 5 (tasknet_body_items -> tasknet_body_items tasknet_body_item .)


state 29

    (13) tasknet_body_item -> PARAM NAME . EQ param_value SEMI

    EQ              shift and go to state 39


state 30

    (14) end_decl -> END EQ . NUMBER SEMI

    NUMBER          shift and go to state 40


state 31

    (15) timelines_block -> TIMELINES LBRACE . timeline_decl_list RBRACE
    (16) timeline_decl_list -> . empty
    (17) timeline_decl_list -> . timeline_decl_list timeline_decl
    (18) timeline_decl_list -> . timeline_decl
    (1) empty -> .
    (19) timeline_decl -> . NAME COLON timeline_kind SEMI

  ! shift/reduce conflict for NAME resolved as shift
    RBRACE          reduce using rule 1 (empty -> .)
    NAME            shift and go to state 44

  ! NAME            [ reduce using rule 1 (empty -> .) ]

    timeline_decl_list             shift and go to state 41
    empty                          shift and go to state 42
    timeline_decl                  shift and go to state 43

state 32

    (45) initial_block -> INITIAL LBRACE . tlcon_list RBRACE
    (117) tlcon_list -> . empty
    (118) tlcon_list -> . tlcon_stmt
    (119) tlcon_list -> . tlcon_list tlcon_stmt
    (1) empty -> .
    (120) tlcon_stmt -> . NAME EQ value SEMI
    (121) tlcon_stmt -> . NAME IN con_list SEMI

  ! shift/reduce conflict for NAME resolved as shift
    RBRACE          reduce using rule 1 (empty -> .)
    NAME            shift and go to state 48

  ! NAME            [ reduce using rule 1 (empty -> .) ]

    tlcon_list                     shift and go to state 45
    empty                          shift and go to state 46
    tlcon_stmt                     shift and go to state 47

state 33

    (46) final_block -> FINAL LBRACE . tlcon_list RBRACE
    (117) tlcon_list -> . empty
    (118) tlcon_list -> . tlcon_stmt
    (119) tlcon_list -> . tlcon_list tlcon_stmt
    (1) empty -> .
    (120) tlcon_stmt -> . NAME EQ value SEMI
    (121) tlcon_stmt -> . NAME IN con_list SEMI

  ! shift/reduce conflict for NAME resolved as shift
    RBRACE          reduce using rule 1 (empty -> .)
    NAME            shift and go to state 48

  ! NAME            [ reduce using rule 1 (empty -> .) ]

    tlcon_list                     shift and go to state 49
    empty                          shift and go to state 46
    tlcon_stmt                     shift and go to state 47

state 34

    (47) final_block -> FINAL WITHIN . INITIAL LBRACE tlcon_list RBRACE
    (48) final_block -> FINAL WITHIN . INITIAL SEMI

    INITIAL         shift and go to state 50


state 35

    (49) task_def -> TASKDEF NAME . LBRACE task_body_items RBRACE

    LBRACE          shift and go to state 51


state 36

    (50) task_def -> task_modifier_opt TASK . NAME extends_opt LBRACE task_body_items RBRACE
    (51) task_def -> task_modifier_opt TASK . NAME extends_opt SEMI
    (54) task_def -> task_modifier_opt TASK . NAME LBRACKET NUMBER DOTDOT NUMBER RBRACKET extends_opt LBRACE task_body_items RBRACE
    (55) task_def -> task_modifier_opt TASK . NAME LBRACKET NUMBER RBRACKET extends_opt LBRACE task_body_items RBRACE
    (56) task_def -> task_modifier_opt TASK . NAME LBRACKET NUMBER DOTDOT NUMBER RBRACKET extends_opt SEMI
    (57) task_def -> task_modifier_opt TASK . NAME LBRACKET NUMBER RBRACKET extends_opt SEMI

    NAME            shift and go to state 52


state 37

    (146) constraints_tl_block -> CONSTRAINTS LBRACE . temporal_prop_list RBRACE
    (148) temporal_prop_list -> . empty
    (149) temporal_prop_list -> . temporal_prop
    (150) temporal_prop_list -> . temporal_prop_list temporal_prop
    (1) empty -> .
    (151) temporal_prop -> . PROP NAME COLON tl_formula SEMI
    (152) temporal_prop -> . tl_formula SEMI
    (153) tl_formula -> . tl_imp
    (154) tl_imp -> . tl_or
    (155) tl_imp -> . tl_or IMPLIES tl_imp
    (156) tl_imp -> . tl_or IMPLIES_KW tl_imp
    (157) tl_or -> . tl_and
    (158) tl_or -> . tl_or OR tl_and
    (159) tl_and -> . tl_u
    (160) tl_and -> . tl_and AND tl_u
    (161) tl_u -> . tl_unary
    (162) tl_u -> . tl_unary UNTIL tl_unary
    (163) tl_u -> . tl_unary SINCE tl_unary
    (164) tl_unary -> . NOT tl_unary
    (165) tl_unary -> . ALWAYS tl_unary
    (166) tl_unary -> . EVENTUALLY tl_unary
    (167) tl_unary -> . SOFAR tl_unary
    (168) tl_unary -> . ONCE tl_unary
    (169) tl_unary -> . LPAREN tl_formula RPAREN
    (170) tl_unary -> . tl_atom
    (171) tl_atom -> . NAME cmp_op NUMBER
    (172) tl_atom -> . NAME EQ NAME
    (173) tl_atom -> . NAME EQ TRUE
    (174) tl_atom -> . NAME EQ FALSE
    (175) tl_atom -> . ACTIVE LPAREN NAME RPAREN
    (176) tl_atom -> . TRUE
    (177) tl_atom -> . FALSE
    (178) tl_atom -> . TIME cmp_op NUMBER
    (179) tl_atom -> . TIME cmp_op NAME DOT START_KW
    (180) tl_atom -> . TIME cmp_op NAME DOT END
    (181) tl_atom -> . NAME DOT START_KW cmp_op NUMBER
    (182) tl_atom -> . NAME DOT END cmp_op NUMBER
    (183) tl_atom -> . NAME DOT START_KW cmp_op NAME DOT START_KW
    (184) tl_atom -> . NAME DOT START_KW cmp_op NAME DOT END
    (185) tl_atom -> . NAME DOT END cmp_op NAME DOT START_KW
    (186) tl_atom -> . NAME DOT END cmp_op NAME DOT END
    (187) tl_atom -> . SEQUENCE LBRACKET task_name_list RBRACKET
    (188) tl_atom -> . MUTEX LBRACKET task_name_list RBRACKET
    (189) tl_atom -> . MUTEX CROSS LBRACKET task_name_list RBRACKET
    (190) tl_atom -> . MUTEX LBRACKET task_name_list RBRACKET WITH LBRACKET task_name_list RBRACKET

  ! shift/reduce conflict for PROP resolved as shift
  ! shift/reduce conflict for NOT resolved as shift
  ! shift/reduce conflict for ALWAYS resolved as shift
  ! shift/reduce conflict for EVENTUALLY resolved as shift
  ! shift/reduce conflict for SOFAR resolved as shift
  ! shift/reduce conflict for ONCE resolved as shift
  ! shift/reduce conflict for LPAREN resolved as shift
  ! shift/reduce conflict for NAME resolved as shift
  ! shift/reduce conflict for ACTIVE resolved as shift
  ! shift/reduce conflict for TRUE resolved as shift
  ! shift/reduce conflict for FALSE resolved as shift
  ! shift/reduce conflict for TIME resolved as shift
  ! shift/reduce conflict for SEQUENCE resolved as shift
  ! shift/reduce conflict for MUTEX resolved as shift
    RBRACE          reduce using rule 1 (empty -> .)
    PROP            shift and go to state 56
    NOT             shift and go to state 64
    ALWAYS          shift and go to state 65
    EVENTUALLY      shift and go to state 66
    SOFAR           shift and go to state 67
    ONCE            shift and go to state 68
    LPAREN          shift and go to state 69
    NAME            shift and go to state 57
    ACTIVE          shift and go to state 73
    TRUE            shift and go to state 71
    FALSE           shift and go to state 72
    TIME            shift and go to state 74
    SEQUENCE        shift and go to state 75
    MUTEX           shift and go to state 76

  ! PROP            [ reduce using rule 1 (empty -> .) ]
  ! NOT             [ reduce using rule 1 (empty -> .) ]
  ! ALWAYS          [ reduce using rule 1 (empty -> .) ]
  ! EVENTUALLY      [ reduce using rule 1 (empty -> .) ]
  ! SOFAR           [ reduce using rule 1 (empty -> .) ]
  ! ONCE            [ reduce using rule 1 (empty -> .) ]
  ! LPAREN          [ reduce using rule 1 (empty -> .) ]
  ! NAME            [ reduce using rule 1 (empty -> .) ]
  ! ACTIVE          [ reduce using rule 1 (empty -> .) ]
  ! TRUE            [ reduce using rule 1 (empty -> .) ]
  ! FALSE           [ reduce using rule 1 (empty -> .) ]
  ! TIME            [ reduce using rule 1 (empty -> .) ]
  ! SEQUENCE        [ reduce using rule 1 (empty -> .) ]
  ! MUTEX           [ reduce using rule 1 (empty -> .) ]

    temporal_prop_list             shift and go to state 53
    empty                          shift and go to state 54
    temporal_prop                  shift and go to state 55
    tl_formula                     shift and go to state 58
    tl_imp                         shift and go to state 59
    tl_or                          shift and go to state 60
    tl_and                         shift and go to state 61
    tl_u                           shift and go to state 62
    tl_unary                       shift and go to state 63
    tl_atom                        shift and go to state 70

state 38

    (147) properties_block -> PROPERTIES LBRACE . temporal_prop_list RBRACE
    (148) temporal_prop_list -> . empty
    (149) temporal_prop_list -> . temporal_prop
    (150) temporal_prop_list -> . temporal_prop_list temporal_prop
    (1) empty -> .
    (151) temporal_prop -> . PROP NAME COLON tl_formula SEMI
    (152) temporal_prop -> . tl_formula SEMI
    (153) tl_formula -> . tl_imp
    (154) tl_imp -> . tl_or
    (155) tl_imp -> . tl_or IMPLIES tl_imp
    (156) tl_imp -> . tl_or IMPLIES_KW tl_imp
    (157) tl_or -> . tl_and
    (158) tl_or -> . tl_or OR tl_and
    (159) tl_and -> . tl_u
    (160) tl_and -> . tl_and AND tl_u
    (161) tl_u -> . tl_unary
    (162) tl_u -> . tl_unary UNTIL tl_unary
    (163) tl_u -> . tl_unary SINCE tl_unary
    (164) tl_unary -> . NOT tl_unary
    (165) tl_unary -> . ALWAYS tl_unary
    (166) tl_unary -> . EVENTUALLY tl_unary
    (167) tl_unary -> . SOFAR tl_unary
    (168) tl_unary -> . ONCE tl_unary
    (169) tl_unary -> . LPAREN tl_formula RPAREN
    (170) tl_unary -> . tl_atom
    (171) tl_atom -> . NAME cmp_op NUMBER
    (172) tl_atom -> . NAME EQ NAME
    (173) tl_atom -> . NAME EQ TRUE
    (174) tl_atom -> . NAME EQ FALSE
    (175) tl_atom -> . ACTIVE LPAREN NAME RPAREN
    (176) tl_atom -> . TRUE
    (177) tl_atom -> . FALSE
    (178) tl_atom -> . TIME cmp_op NUMBER
    (179) tl_atom -> . TIME cmp_op NAME DOT START_KW
    (180) tl_atom -> . TIME cmp_op NAME DOT END
    (181) tl_atom -> . NAME DOT START_KW cmp_op NUMBER
    (182) tl_atom -> . NAME DOT END cmp_op NUMBER
    (183) tl_atom -> . NAME DOT START_KW cmp_op NAME DOT START_KW
    (184) tl_atom -> . NAME DOT START_KW cmp_op NAME DOT END
    (185) tl_atom -> . NAME DOT END cmp_op NAME DOT START_KW
    (186) tl_atom -> . NAME DOT END cmp_op NAME DOT END
    (187) tl_atom -> . SEQUENCE LBRACKET task_name_list RBRACKET
    (188) tl_atom -> . MUTEX LBRACKET task_name_list RBRACKET
    (189) tl_atom -> . MUTEX CROSS LBRACKET task_name_list RBRACKET
    (190) tl_atom -> . MUTEX LBRACKET task_name_list RBRACKET WITH LBRACKET task_name_list RBRACKET

  ! shift/reduce conflict for PROP resolved as shift
  ! shift/reduce conflict for NOT resolved as shift
  ! shift/reduce conflict for ALWAYS resolved as shift
  ! shift/reduce conflict for EVENTUALLY resolved as shift
  ! shift/reduce conflict for SOFAR resolved as shift
  ! shift/reduce conflict for ONCE resolved as shift
  ! shift/reduce conflict for LPAREN resolved as shift
  ! shift/reduce conflict for NAME resolved as shift
  ! shift/reduce conflict for ACTIVE resolved as shift
  ! shift/reduce conflict for TRUE resolved as shift
  ! shift/reduce conflict for FALSE resolved as shift
  ! shift/reduce conflict for TIME resolved as shift
  ! shift/reduce conflict for SEQUENCE resolved as shift
  ! shift/reduce conflict for MUTEX resolved as shift
    RBRACE          reduce using rule 1 (empty -> .)
    PROP            shift and go to state 56
    NOT             shift and go to state 64
    ALWAYS          shift and go to state 65
    EVENTUALLY      shift and go to state 66
    SOFAR           shift and go to state 67
    ONCE            shift and go to state 68
    LPAREN          shift and go to state 69
    NAME            shift and go to state 57
    ACTIVE          shift and go to state 73
    TRUE            shift and go to state 71
    FALSE           shift and go to state 72
    TIME            shift and go to state 74
    SEQUENCE        shift and go to state 75
    MUTEX           shift and go to state 76

  ! PROP            [ reduce using rule 1 (empty -> .) ]
  ! NOT             [ reduce using rule 1 (empty -> .) ]
  ! ALWAYS          [ reduce using rule 1 (empty -> .) ]
  ! EVENTUALLY      [ reduce using rule 1 (empty -> .) ]
  ! SOFAR           [ reduce using rule 1 (empty -> .) ]
  ! ONCE            [ reduce using rule 1 (empty -> .) ]
  ! LPAREN          [ reduce using rule 1 (empty -> .) ]
  ! NAME            [ reduce using rule 1 (empty -> .) ]
  ! ACTIVE          [ reduce using rule 1 (empty -> .) ]
  ! TRUE            [ reduce using rule 1 (empty -> .) ]
  ! FALSE           [ reduce using rule 1 (empty -> .) ]
  ! TIME            [ reduce using rule 1 (empty -> .) ]
  ! SEQUENCE        [ reduce using rule 1 (empty -> .) ]
  ! MUTEX           [ reduce using rule 1 (empty -> .) ]

    temporal_prop_list             shift and go to state 77
    empty                          shift and go to state 54
    temporal_prop                  shift and go to state 55
    tl_formula                     shift and go to state 58
    tl_imp                         shift and go to state 59
    tl_or                          shift and go to state 60
    tl_and                         shift and go to state 61
    tl_u                           shift and go to state 62
    tl_unary                       shift and go to state 63
    tl_atom                        shift and go to state 70

state 39

    (13) tasknet_body_item -> PARAM NAME EQ . param_value SEMI
    (208) param_value -> . value
    (209) param_value -> . LBRACKET NUMBER COMMA NUMBER RBRACKET
    (198) value -> . STRING
    (199) value -> . NUMBER
    (200) value -> . TRUE
    (201) value -> . FALSE
    (202) value -> . NAME

    LBRACKET        shift and go to state 81
    STRING          shift and go to state 83
    NUMBER          shift and go to state 82
    TRUE            shift and go to state 84
    FALSE           shift and go to state 85
    NAME            shift and go to state 78

    param_value                    shift and go to state 79
    value                          shift and go to state 80

state 40

    (14) end_decl -> END EQ NUMBER . SEMI

    SEMI            shift and go to state 86


state 41

    (15) timelines_block -> TIMELINES LBRACE timeline_decl_list . RBRACE
    (17) timeline_decl_list -> timeline_decl_list . timeline_decl
    (19) timeline_decl -> . NAME COLON timeline_kind SEMI

    RBRACE          shift and go to state 87
    NAME            shift and go to state 44

    timeline_decl                  shift and go to state 88

state 42

    (16) timeline_decl_list -> empty .

    RBRACE          reduce using rule 16 (timeline_decl_list -> empty .)
    NAME            reduce using rule 16 (timeline_decl_list -> empty .)


state 43

    (18) timeline_decl_list -> timeline_decl .

    RBRACE          reduce using rule 18 (timeline_decl_list -> timeline_decl .)
    NAME            reduce using rule 18 (timeline_decl_list -> timeline_decl .)


state 44

    (19) timeline_decl -> NAME . COLON timeline_kind SEMI

    COLON           shift and go to state 89


state 45

    (45) initial_block -> INITIAL LBRACE tlcon_list . RBRACE
    (119) tlcon_list -> tlcon_list . tlcon_stmt
    (120) tlcon_stmt -> . NAME EQ value SEMI
    (121) tlcon_stmt -> . NAME IN con_list SEMI

    RBRACE          shift and go to state 90
    NAME            shift and go to state 48

    tlcon_stmt                     shift and go to state 91

state 46

    (117) tlcon_list -> empty .

    RBRACE          reduce using rule 117 (tlcon_list -> empty .)
    NAME            reduce using rule 117 (tlcon_list -> empty .)


state 47

    (118) tlcon_list -> tlcon_stmt .

    RBRACE          reduce using rule 118 (tlcon_list -> tlcon_stmt .)
    NAME            reduce using rule 118 (tlcon_list -> tlcon_stmt .)


state 48

    (120) tlcon_stmt -> NAME . EQ value SEMI
    (121) tlcon_stmt -> NAME . IN con_list SEMI

    EQ              shift and go to state 92
    IN              shift and go to state 93


state 49

    (46) final_block -> FINAL LBRACE tlcon_list . RBRACE
    (119) tlcon_list -> tlcon_list . tlcon_stmt
    (120) tlcon_stmt -> . NAME EQ value SEMI
    (121) tlcon_stmt -> . NAME IN con_list SEMI

    RBRACE          shift and go to state 94
    NAME            shift and go to state 48

    tlcon_stmt                     shift and go to state 91

state 50

    (47) final_block -> FINAL WITHIN INITIAL . LBRACE tlcon_list RBRACE
    (48) final_block -> FINAL WITHIN INITIAL . SEMI

    LBRACE          shift and go to state 95
    SEMI            shift and go to state 96


state 51

    (49) task_def -> TASKDEF NAME LBRACE . task_body_items RBRACE
    (61) task_body_items -> . empty
    (62) task_body_items -> . task_body_item
    (63) task_body_items -> . task_body_items task_body_item
    (1) empty -> .
    (64) task_body_item -> . task_id
    (65) task_body_item -> . task_priority
    (66) task_body_item -> . task_start_range
    (67) task_body_item -> . task_end_range
    (68) task_body_item -> . task_duration_range
    (69) task_body_item -> . task_duration
    (70) task_body_item -> . task_start_opt
    (71) task_body_item -> . task_after
    (72) task_body_item -> . task_containedin
    (73) task_body_item -> . param_block
    (74) task_body_item -> . constraints_block
    (75) task_body_item -> . pre_block
    (76) task_body_item -> . inv_block
    (77) task_body_item -> . post_block
    (78) task_body_item -> . task_impacts
    (79) task_body_item -> . task_def
    (80) task_id -> . ID_KW NUMBER SEMI
    (81) task_priority -> . PRIORITY NUMBER SEMI
    (82) task_start_range -> . START_RANGE range SEMI
    (83) task_end_range -> . END_RANGE range SEMI
    (84) task_duration_range -> . DURATION_RANGE range SEMI
    (85) task_duration -> . DURATION value SEMI
    (86) task_start_opt -> . START_KW NUMBER SEMI
    (87) task_start_opt -> . empty
    (88) task_after -> . AFTER after_list SEMI
    (95) task_containedin -> . CONTAINEDIN containedin_list SEMI
    (203) param_block -> . PARAM LBRACE param_decl_list RBRACE
    (107) constraints_block -> . CONSTRAINTS LBRACE constraints_items RBRACE
    (114) pre_block -> . PRE LBRACE tlcon_list RBRACE
    (115) inv_block -> . INV LBRACE tlcon_list RBRACE
    (116) post_block -> . POST LBRACE tlcon_list RBRACE
    (126) task_impacts -> . impacts_block
    (127) task_impacts -> . empty
    (49) task_def -> . TASKDEF NAME LBRACE task_body_items RBRACE
    (50) task_def -> . task_modifier_opt TASK NAME extends_opt LBRACE task_body_items RBRACE
    (51) task_def -> . task_modifier_opt TASK NAME extends_opt SEMI
    (54) task_def -> . task_modifier_opt TASK NAME LBRACKET NUMBER DOTDOT NUMBER RBRACKET extends_opt LBRACE task_body_items RBRACE
    (55) task_def -> . task_modifier_opt TASK NAME LBRACKET NUMBER RBRACKET extends_opt LBRACE task_body_items RBRACE
    (56) task_def -> . task_modifier_opt TASK NAME LBRACKET NUMBER DOTDOT NUMBER RBRACKET extends_opt SEMI
    (57) task_def -> . task_modifier_opt TASK NAME LBRACKET NUMBER RBRACKET extends_opt SEMI
    (128) impacts_block -> . IMPACTS LBRACE impact_group_list RBRACE
    (52) task_modifier_opt -> . empty
    (53) task_modifier_opt -> . OPTIONAL
    (58) task_modifier_opt -> . REQUEST

  ! shift/reduce conflict for ID_KW resolved as shift
  ! shift/reduce conflict for PRIORITY resolved as shift
  ! shift/reduce conflict for START_RANGE resolved as shift
  ! shift/reduce conflict for END_RANGE resolved as shift
  ! shift/reduce conflict for DURATION_RANGE resolved as shift
  ! shift/reduce conflict for DURATION resolved as shift
  ! shift/reduce conflict for START_KW resolved as shift
  ! shift/reduce conflict for AFTER resolved as shift
  ! shift/reduce conflict for CONTAINEDIN resolved as shift
  ! shift/reduce conflict for PARAM resolved as shift
  ! shift/reduce conflict for CONSTRAINTS resolved as shift
  ! shift/reduce conflict for PRE resolved as shift
  ! shift/reduce conflict for INV resolved as shift
  ! shift/reduce conflict for POST resolved as shift
  ! shift/reduce conflict for TASKDEF resolved as shift
  ! shift/reduce conflict for IMPACTS resolved as shift
  ! shift/reduce conflict for OPTIONAL resolved as shift
  ! shift/reduce conflict for REQUEST resolved as shift
    RBRACE          reduce using rule 1 (empty -> .)
    TASK            reduce using rule 1 (empty -> .)
    ID_KW           shift and go to state 116
    PRIORITY        shift and go to state 117
    START_RANGE     shift and go to state 118
    END_RANGE       shift and go to state 119
    DURATION_RANGE  shift and go to state 120
    DURATION        shift and go to state 121
    START_KW        shift and go to state 122
    AFTER           shift and go to state 123
    CONTAINEDIN     shift and go to state 124
    PARAM           shift and go to state 125
    CONSTRAINTS     shift and go to state 126
    PRE             shift and go to state 127
    INV             shift and go to state 128
    POST            shift and go to state 129
    TASKDEF         shift and go to state 20
    IMPACTS         shift and go to state 131
    OPTIONAL        shift and go to state 25
    REQUEST         shift and go to state 26

  ! ID_KW           [ reduce using rule 1 (empty -> .) ]
  ! PRIORITY        [ reduce using rule 1 (empty -> .) ]
  ! START_RANGE     [ reduce using rule 1 (empty -> .) ]
  ! END_RANGE       [ reduce using rule 1 (empty -> .) ]
  ! DURATION_RANGE  [ reduce using rule 1 (empty -> .) ]
  ! DURATION        [ reduce using rule 1 (empty -> .) ]
  ! START_KW        [ reduce using rule 1 (empty -> .) ]
  ! AFTER           [ reduce using rule 1 (empty -> .) ]
  ! CONTAINEDIN     [ reduce using rule 1 (empty -> .) ]
  ! PARAM           [ reduce using rule 1 (empty -> .) ]
  ! CONSTRAINTS     [ reduce using rule 1 (empty -> .) ]
  ! PRE             [ reduce using rule 1 (empty -> .) ]
  ! INV             [ reduce using rule 1 (empty -> .) ]
  ! POST            [ reduce using rule 1 (empty -> .) ]
  ! TASKDEF         [ reduce using rule 1 (empty -> .) ]
  ! IMPACTS         [ reduce using rule 1 (empty -> .) ]
  ! OPTIONAL        [ reduce using rule 1 (empty -> .) ]
  ! REQUEST         [ reduce using rule 1 (empty -> .) ]

    task_body_items                shift and go to state 97
    empty                          shift and go to state 98
    task_body_item                 shift and go to state 99
    task_id                        shift and go to state 100
    task_priority                  shift and go to state 101
    task_start_range               shift and go to state 102
    task_end_range                 shift and go to state 103
    task_duration_range            shift and go to state 104
    task_duration                  shift and go to state 105
    task_start_opt                 shift and go to state 106
    task_after                     shift and go to state 107
    task_containedin               shift and go to state 108
    param_block                    shift and go to state 109
    constraints_block              shift and go to state 110
    pre_block                      shift and go to state 111
    inv_block                      shift and go to state 112
    post_block                     shift and go to state 113
    task_impacts                   shift and go to state 114
    task_def                       shift and go to state 115
    impacts_block                  shift and go to state 130
    task_modifier_opt              shift and go to state 21

state 52

    (50) task_def -> task_modifier_opt TASK NAME . extends_opt LBRACE task_body_items RBRACE
    (51) task_def -> task_modifier_opt TASK NAME . extends_opt SEMI
    (54) task_def -> task_modifier_opt TASK NAME . LBRACKET NUMBER DOTDOT NUMBER RBRACKET extends_opt LBRACE task_body_items RBRACE
    (55) task_def -> task_modifier_opt TASK NAME . LBRACKET NUMBER RBRACKET extends_opt LBRACE task_body_items RBRACE
    (56) task_def -> task_modifier_opt TASK NAME . LBRACKET NUMBER DOTDOT NUMBER RBRACKET extends_opt SEMI
    (57) task_def -> task_modifier_opt TASK NAME . LBRACKET NUMBER RBRACKET extends_opt SEMI
    (59) extends_opt -> . empty
    (60) extends_opt -> . COLON NAME
    (1) empty -> .

    LBRACKET        shift and go to state 133
    COLON           shift and go to state 135
    LBRACE          reduce using rule 1 (empty -> .)
    SEMI            reduce using rule 1 (empty -> .)

    extends_opt                    shift and go to state 132
    empty                          shift and go to state 134

state 53

    (146) constraints_tl_block -> CONSTRAINTS LBRACE temporal_prop_list . RBRACE
    (150) temporal_prop_list -> temporal_prop_list . temporal_prop
    (151) temporal_prop -> . PROP NAME COLON tl_formula SEMI
    (152) temporal_prop -> . tl_formula SEMI
    (153) tl_formula -> . tl_imp
    (154) tl_imp -> . tl_or
    (155) tl_imp -> . tl_or IMPLIES tl_imp
    (156) tl_imp -> . tl_or IMPLIES_KW tl_imp
    (157) tl_or -> . tl_and
    (158) tl_or -> . tl_or OR tl_and
    (159) tl_and -> . tl_u
    (160) tl_and -> . tl_and AND tl_u
    (161) tl_u -> . tl_unary
    (162) tl_u -> . tl_unary UNTIL tl_unary
    (163) tl_u -> . tl_unary SINCE tl_unary
    (164) tl_unary -> . NOT tl_unary
    (165) tl_unary -> . ALWAYS tl_unary
    (166) tl_unary -> . EVENTUALLY tl_unary
    (167) tl_unary -> . SOFAR tl_unary
    (168) tl_unary -> . ONCE tl_unary
    (169) tl_unary -> . LPAREN tl_formula RPAREN
    (170) tl_unary -> . tl_atom
    (171) tl_atom -> . NAME cmp_op NUMBER
    (172) tl_atom -> . NAME EQ NAME
    (173) tl_atom -> . NAME EQ TRUE
    (174) tl_atom -> . NAME EQ FALSE
    (175) tl_atom -> . ACTIVE LPAREN NAME RPAREN
    (176) tl_atom -> . TRUE
    (177) tl_atom -> . FALSE
    (178) tl_atom -> . TIME cmp_op NUMBER
    (179) tl_atom -> . TIME cmp_op NAME DOT START_KW
    (180) tl_atom -> . TIME cmp_op NAME DOT END
    (181) tl_atom -> . NAME DOT START_KW cmp_op NUMBER
    (182) tl_atom -> . NAME DOT END cmp_op NUMBER
    (183) tl_atom -> . NAME DOT START_KW cmp_op NAME DOT START_KW
    (184) tl_atom -> . NAME DOT START_KW cmp_op NAME DOT END
    (185) tl_atom -> . NAME DOT END cmp_op NAME DOT START_KW
    (186) tl_atom -> . NAME DOT END cmp_op NAME DOT END
    (187) tl_atom -> . SEQUENCE LBRACKET task_name_list RBRACKET
    (188) tl_atom -> . MUTEX LBRACKET task_name_list RBRACKET
    (189) tl_atom -> . MUTEX CROSS LBRACKET task_name_list RBRACKET
    (190) tl_atom -> . MUTEX LBRACKET task_name_list RBRACKET WITH LBRACKET task_name_list RBRACKET

    RBRACE          shift and go to state 136
    PROP            shift and go to state 56
    NOT             shift and go to state 64
    ALWAYS          shift and go to state 65
    EVENTUALLY      shift and go to state 66
    SOFAR           shift and go to state 67
    ONCE            shift and go to state 68
    LPAREN          shift and go to state 69
    NAME            shift and go to state 57
    ACTIVE          shift and go to state 73
    TRUE            shift and go to state 71
    FALSE           shift and go to state 72
    TIME            shift and go to state 74
    SEQUENCE        shift and go to state 75
    MUTEX           shift and go to state 76

    temporal_prop                  shift and go to state 137
    tl_formula                     shift and go to state 58
    tl_imp                         shift and go to state 59
    tl_or                          shift and go to state 60
    tl_and                         shift and go to state 61
    tl_u                           shift and go to state 62
    tl_unary                       shift and go to state 63
    tl_atom                        shift and go to state 70

state 54

    (148) temporal_prop_list -> empty .

    RBRACE          reduce using rule 148 (temporal_prop_list -> empty .)
    PROP            reduce using rule 148 (temporal_prop_list -> empty .)
    NOT             reduce using rule 148 (temporal_prop_list -> empty .)
    ALWAYS          reduce using rule 148 (temporal_prop_list -> empty .)
    EVENTUALLY      reduce using rule 148 (temporal_prop_list -> empty .)
    SOFAR           reduce using rule 148 (temporal_prop_list -> empty .)
    ONCE            reduce using rule 148 (temporal_prop_list -> empty .)
    LPAREN          reduce using rule 148 (temporal_prop_list -> empty .)
    NAME            reduce using rule 148 (temporal_prop_list -> empty .)
    ACTIVE          reduce using rule 148 (temporal_prop_list -> empty .)
    TRUE            reduce using rule 148 (temporal_prop_list -> empty .)
    FALSE           reduce using rule 148 (temporal_prop_list -> empty .)
    TIME            reduce using rule 148 (temporal_prop_list -> empty .)
    SEQUENCE        reduce using rule 148 (temporal_prop_list -> empty .)
    MUTEX           reduce using rule 148 (temporal_prop_list -> empty .)


state 55

    (149) temporal_prop_list -> temporal_prop .

    RBRACE          reduce using rule 149 (temporal_prop_list -> temporal_prop .)
    PROP            reduce using rule 149 (temporal_prop_list -> temporal_prop .)
    NOT             reduce using rule 149 (temporal_prop_list -> temporal_prop .)
    ALWAYS          reduce using rule 149 (temporal_prop_list -> temporal_prop .)
    EVENTUALLY      reduce using rule 149 (temporal_prop_list -> temporal_prop .)
    SOFAR           reduce using rule 149 (temporal_prop_list -> temporal_prop .)
    ONCE            reduce using rule 149 (temporal_prop_list -> temporal_prop .)
    LPAREN          reduce using rule 149 (temporal_prop_list -> temporal_prop .)
    NAME            reduce using rule 149 (temporal_prop_list -> temporal_prop .)
    ACTIVE          reduce using rule 149 (temporal_prop_list -> temporal_prop .)
    TRUE            reduce using rule 149 (temporal_prop_list -> temporal_prop .)
    FALSE           reduce using rule 149 (temporal_prop_list -> temporal_prop .)
    TIME            reduce using rule 149 (temporal_prop_list -> temporal_prop .)
    SEQUENCE        reduce using rule 149 (temporal_prop_list -> temporal_prop .)
    MUTEX           reduce using rule 149 (temporal_prop_list -> temporal_prop .)


state 56

    (151) temporal_prop -> PROP . NAME COLON tl_formula SEMI

    NAME            shift and go to state 138


state 57

    (171) tl_atom -> NAME . cmp_op NUMBER
    (172) tl_atom -> NAME . EQ NAME
    (173) tl_atom -> NAME . EQ TRUE
    (174) tl_atom -> NAME . EQ FALSE
    (181) tl_atom -> NAME . DOT START_KW cmp_op NUMBER
    (182) tl_atom -> NAME . DOT END cmp_op NUMBER
    (183) tl_atom -> NAME . DOT START_KW cmp_op NAME DOT START_KW
    (184) tl_atom -> NAME . DOT START_KW cmp_op NAME DOT END
    (185) tl_atom -> NAME . DOT END cmp_op NAME DOT START_KW
    (186) tl_atom -> NAME . DOT END cmp_op NAME DOT END
    (193) cmp_op -> . LT
    (194) cmp_op -> . LE
    (195) cmp_op -> . EQ
    (196) cmp_op -> . GE
    (197) cmp_op -> . GT

    EQ              shift and go to state 140
    DOT             shift and go to state 141
    LT              shift and go to state 142
    LE              shift and go to state 143
    GE              shift and go to state 144
    GT              shift and go to state 145

    cmp_op                         shift and go to state 139

state 58

    (152) temporal_prop -> tl_formula . SEMI

    SEMI            shift and go to state 146


state 59

    (153) tl_formula -> tl_imp .

    SEMI            reduce using rule 153 (tl_formula -> tl_imp .)
    RPAREN          reduce using rule 153 (tl_formula -> tl_imp .)


state 60

    (154) tl_imp -> tl_or .
    (155) tl_imp -> tl_or . IMPLIES tl_imp
    (156) tl_imp -> tl_or . IMPLIES_KW tl_imp
    (158) tl_or -> tl_or . OR tl_and

    SEMI            reduce using rule 154 (tl_imp -> tl_or .)
    RPAREN          reduce using rule 154 (tl_imp -> tl_or .)
    IMPLIES         shift and go to state 147
    IMPLIES_KW      shift and go to state 148
    OR              shift and go to state 149


state 61

    (157) tl_or -> tl_and .
    (160) tl_and -> tl_and . AND tl_u

    IMPLIES         reduce using rule 157 (tl_or -> tl_and .)
    IMPLIES_KW      reduce using rule 157 (tl_or -> tl_and .)
    OR              reduce using rule 157 (tl_or -> tl_and .)
    SEMI            reduce using rule 157 (tl_or -> tl_and .)
    RPAREN          reduce using rule 157 (tl_or -> tl_and .)
    AND             shift and go to state 150


state 62

    (159) tl_and -> tl_u .

    AND             reduce using rule 159 (tl_and -> tl_u .)
    IMPLIES         reduce using rule 159 (tl_and -> tl_u .)
    IMPLIES_KW      reduce using rule 159 (tl_and -> tl_u .)
    OR              reduce using rule 159 (tl_and -> tl_u .)
    SEMI            reduce using rule 159 (tl_and -> tl_u .)
    RPAREN          reduce using rule 159 (tl_and -> tl_u .)


state 63

    (161) tl_u -> tl_unary .
    (162) tl_u -> tl_unary . UNTIL tl_unary
    (163) tl_u -> tl_unary . SINCE tl_unary

    AND             reduce using rule 161 (tl_u -> tl_unary .)
    IMPLIES         reduce using rule 161 (tl_u -> tl_unary .)
    IMPLIES_KW      reduce using rule 161 (tl_u -> tl_unary .)
    OR              reduce using rule 161 (tl_u -> tl_unary .)
    SEMI            reduce using rule 161 (tl_u -> tl_unary .)
    RPAREN          reduce using rule 161 (tl_u -> tl_unary .)
    UNTIL           shift and go to state 151
    SINCE           shift and go to state 152


state 64

    (164) tl_unary -> NOT . tl_unary
    (164) tl_unary -> . NOT tl_unary
    (165) tl_unary -> . ALWAYS tl_unary
    (166) tl_unary -> . EVENTUALLY tl_unary
    (167) tl_unary -> . SOFAR tl_unary
    (168) tl_unary -> . ONCE tl_unary
    (169) tl_unary -> . LPAREN tl_formula RPAREN
    (170) tl_unary -> . tl_atom
    (171) tl_atom -> . NAME cmp_op NUMBER
    (172) tl_atom -> . NAME EQ NAME
    (173) tl_atom -> . NAME EQ TRUE
    (174) tl_atom -> . NAME EQ FALSE
    (175) tl_atom -> . ACTIVE LPAREN NAME RPAREN
    (176) tl_atom -> . TRUE
    (177) tl_atom -> . FALSE
    (178) tl_atom -> . TIME cmp_op NUMBER
    (179) tl_atom -> . TIME cmp_op NAME DOT START_KW
    (180) tl_atom -> . TIME cmp_op NAME DOT END
    (181) tl_atom -> . NAME DOT START_KW cmp_op NUMBER
    (182) tl_atom -> . NAME DOT END cmp_op NUMBER
    (183) tl_atom -> . NAME DOT START_KW cmp_op NAME DOT START_KW
    (184) tl_atom -> . NAME DOT START_KW cmp_op NAME DOT END
    (185) tl_atom -> . NAME DOT END cmp_op NAME DOT START_KW
    (186) tl_atom -> . NAME DOT END cmp_op NAME DOT END
    (187) tl_atom -> . SEQUENCE LBRACKET task_name_list RBRACKET
    (188) tl_atom -> . MUTEX LBRACKET task_name_list RBRACKET
    (189) tl_atom -> . MUTEX CROSS LBRACKET task_name_list RBRACKET
    (190) tl_atom -> . MUTEX LBRACKET task_name_list RBRACKET WITH LBRACKET task_name_list RBRACKET

    NOT             shift and go to state 64
    ALWAYS          shift and go to state 65
    EVENTUALLY      shift and go to state 66
    SOFAR           shift and go to state 67
    ONCE            shift and go to state 68
    LPAREN          shift and go to state 69
    NAME            shift and go to state 57
    ACTIVE          shift and go to state 73
    TRUE            shift and go to state 71
    FALSE           shift and go to state 72
    TIME            shift and go to state 74
    SEQUENCE        shift and go to state 75
    MUTEX           shift and go to state 76

    tl_unary                       shift and go to state 153
    tl_atom                        shift and go to state 70

state 65

    (165) tl_unary -> ALWAYS . tl_unary
    (164) tl_unary -> . NOT tl_unary
    (165) tl_unary -> . ALWAYS tl_unary
    (166) tl_unary -> . EVENTUALLY tl_unary
    (167) tl_unary -> . SOFAR tl_unary
    (168) tl_unary -> . ONCE tl_unary
    (169) tl_unary -> . LPAREN tl_formula RPAREN
    (170) tl_unary -> . tl_atom
    (171) tl_atom -> . NAME cmp_op NUMBER
    (172) tl_atom -> . NAME EQ NAME
    (173) tl_atom -> . NAME EQ TRUE
    (174) tl_atom -> . NAME EQ FALSE
    (175) tl_atom -> . ACTIVE LPAREN NAME RPAREN
    (176) tl_atom -> . TRUE
    (177) tl_atom -> . FALSE
    (178) tl_atom -> . TIME cmp_op NUMBER
    (179) tl_atom -> . TIME cmp_op NAME DOT START_KW
    (180) tl_atom -> . TIME cmp_op NAME DOT END
    (181) tl_atom -> . NAME DOT START_KW cmp_op NUMBER
    (182) tl_atom -> . NAME DOT END cmp_op NUMBER
    (183) tl_atom -> . NAME DOT START_KW cmp_op NAME DOT START_KW
    (184) tl_atom -> . NAME DOT START_KW cmp_op NAME DOT END
    (185) tl_atom -> . NAME DOT END cmp_op NAME DOT START_KW
    (186) tl_atom -> . NAME DOT END cmp_op NAME DOT END
    (187) tl_atom -> . SEQUENCE LBRACKET task_name_list RBRACKET
    (188) tl_atom -> . MUTEX LBRACKET task_name_list RBRACKET
    (189) tl_atom -> . MUTEX CROSS LBRACKET task_name_list RBRACKET
    (190) tl_atom -> . MUTEX LBRACKET task_name_list RBRACKET WITH LBRACKET task_name_list RBRACKET

    NOT             shift and go to state 64
    ALWAYS          shift and go to state 65
    EVENTUALLY      shift and go to state 66
    SOFAR           shift and go to state 67
    ONCE            shift and go to state 68
    LPAREN          shift and go to state 69
    NAME            shift and go to state 57
    ACTIVE          shift and go to state 73
    TRUE            shift and go to state 71
    FALSE           shift and go to state 72
    TIME            shift and go to state 74
    SEQUENCE        shift and go to state 75
    MUTEX           shift and go to state 76

    tl_unary                       shift and go to state 154
    tl_atom                        shift and go to state 70

state 66

    (166) tl_unary -> EVENTUALLY . tl_unary
    (164) tl_unary -> . NOT tl_unary
    (165) tl_unary -> . ALWAYS tl_unary
    (166) tl_unary -> . EVENTUALLY tl_unary
    (167) tl_unary -> . SOFAR tl_unary
    (168) tl_unary -> . ONCE tl_unary
    (169) tl_unary -> . LPAREN tl_formula RPAREN
    (170) tl_unary -> . tl_atom
    (171) tl_atom -> . NAME cmp_op NUMBER
    (172) tl_atom -> . NAME EQ NAME
    (173) tl_atom -> . NAME EQ TRUE
    (174) tl_atom -> . NAME EQ FALSE
    (175) tl_atom -> . ACTIVE LPAREN NAME RPAREN
    (176) tl_atom -> . TRUE
    (177) tl_atom -> . FALSE
    (178) tl_atom -> . TIME cmp_op NUMBER
    (179) tl_atom -> . TIME cmp_op NAME DOT START_KW
    (180) tl_atom -> . TIME cmp_op NAME DOT END
    (181) tl_atom -> . NAME DOT START_KW cmp_op NUMBER
    (182) tl_atom -> . NAME DOT END cmp_op NUMBER
    (183) tl_atom -> . NAME DOT START_KW cmp_op NAME DOT START_KW
    (184) tl_atom -> . NAME DOT START_KW cmp_op NAME DOT END
    (185) tl_atom -> . NAME DOT END cmp_op NAME DOT START_KW
    (186) tl_atom -> . NAME DOT END cmp_op NAME DOT END
    (187) tl_atom -> . SEQUENCE LBRACKET task_name_list RBRACKET
    (188) tl_atom -> . MUTEX LBRACKET task_name_list RBRACKET
    (189) tl_atom -> . MUTEX CROSS LBRACKET task_name_list RBRACKET
    (190) tl_atom -> . MUTEX LBRACKET task_name_list RBRACKET WITH LBRACKET task_name_list RBRACKET

    NOT             shift and go to state 64
    ALWAYS          shift and go to state 65
    EVENTUALLY      shift and go to state 66
    SOFAR           shift and go to state 67
    ONCE            shift and go to state 68
    LPAREN          shift and go to state 69
    NAME            shift and go to state 57
    ACTIVE          shift and go to state 73
    TRUE            shift and go to state 71
    FALSE           shift and go to state 72
    TIME            shift and go to state 74
    SEQUENCE        shift and go to state 75
    MUTEX           shift and go to state 76

    tl_unary                       shift and go to state 155
    tl_atom                        shift and go to state 70

state 67

    (167) tl_unary -> SOFAR . tl_unary
    (164) tl_unary -> . NOT tl_unary
    (165) tl_unary -> . ALWAYS tl_unary
    (166) tl_unary -> . EVENTUALLY tl_unary
    (167) tl_unary -> . SOFAR tl_unary
    (168) tl_unary -> . ONCE tl_unary
    (169) tl_unary -> . LPAREN tl_formula RPAREN
    (170) tl_unary -> . tl_atom
    (171) tl_atom -> . NAME cmp_op NUMBER
    (172) tl_atom -> . NAME EQ NAME
    (173) tl_atom -> . NAME EQ TRUE
    (174) tl_atom -> . NAME EQ FALSE
    (175) tl_atom -> . ACTIVE LPAREN NAME RPAREN
    (176) tl_atom -> . TRUE
    (177) tl_atom -> . FALSE
    (178) tl_atom -> . TIME cmp_op NUMBER
    (179) tl_atom -> . TIME cmp_op NAME DOT START_KW
    (180) tl_atom -> . TIME cmp_op NAME DOT END
    (181) tl_atom -> . NAME DOT START_KW cmp_op NUMBER
    (182) tl_atom -> . NAME DOT END cmp_op NUMBER
    (183) tl_atom -> . NAME DOT START_KW cmp_op NAME DOT START_KW
    (184) tl_atom -> . NAME DOT START_KW cmp_op NAME DOT END
    (185) tl_atom -> . NAME DOT END cmp_op NAME DOT START_KW
    (186) tl_atom -> . NAME DOT END cmp_op NAME DOT END
    (187) tl_atom -> . SEQUENCE LBRACKET task_name_list RBRACKET
    (188) tl_atom -> . MUTEX LBRACKET task_name_list RBRACKET
    (189) tl_atom -> . MUTEX CROSS LBRACKET task_name_list RBRACKET
    (190) tl_atom -> . MUTEX LBRACKET task_name_list RBRACKET WITH LBRACKET task_name_list RBRACKET

    NOT             shift and go to state 64
    ALWAYS          shift and go to state 65
    EVENTUALLY      shift and go to state 66
    SOFAR           shift and go to state 67
    ONCE            shift and go to state 68
    LPAREN          shift and go to state 69
    NAME            shift and go to state 57
    ACTIVE          shift and go to state 73
    TRUE            shift and go to state 71
    FALSE           shift and go to state 72
    TIME            shift and go to state 74
    SEQUENCE        shift and go to state 75
    MUTEX           shift and go to state 76

    tl_unary                       shift and go to state 156
    tl_atom                        shift and go to state 70

state 68

    (168) tl_unary -> ONCE . tl_unary
    (164) tl_unary -> . NOT tl_unary
    (165) tl_unary -> . ALWAYS tl_unary
    (166) tl_unary -> . EVENTUALLY tl_unary
    (167) tl_unary -> . SOFAR tl_unary
    (168) tl_unary -> . ONCE tl_unary
    (169) tl_unary -> . LPAREN tl_formula RPAREN
    (170) tl_unary -> . tl_atom
    (171) tl_atom -> . NAME cmp_op NUMBER
    (172) tl_atom -> . NAME EQ NAME
    (173) tl_atom -> . NAME EQ TRUE
    (174) tl_atom -> . NAME EQ FALSE
    (175) tl_atom -> . ACTIVE LPAREN NAME RPAREN
    (176) tl_atom -> . TRUE
    (177) tl_atom -> . FALSE
    (178) tl_atom -> . TIME cmp_op NUMBER
    (179) tl_atom -> . TIME cmp_op NAME DOT START_KW
    (180) tl_atom -> . TIME cmp_op NAME DOT END
    (181) tl_atom -> . NAME DOT START_KW cmp_op NUMBER
    (182) tl_atom -> . NAME DOT END cmp_op NUMBER
    (183) tl_atom -> . NAME DOT START_KW cmp_op NAME DOT START_KW
    (184) tl_atom -> . NAME DOT START_KW cmp_op NAME DOT END
    (185) tl_atom -> . NAME DOT END cmp_op NAME DOT START_KW
    (186) tl_atom -> . NAME DOT END cmp_op NAME DOT END
    (187) tl_atom -> . SEQUENCE LBRACKET task_name_list RBRACKET
    (188) tl_atom -> . MUTEX LBRACKET task_name_list RBRACKET
    (189) tl_atom -> . MUTEX CROSS LBRACKET task_name_list RBRACKET
    (190) tl_atom -> . MUTEX LBRACKET task_name_list RBRACKET WITH LBRACKET task_name_list RBRACKET

    NOT             shift and go to state 64
    ALWAYS          shift and go to state 65
    EVENTUALLY      shift and go to state 66
    SOFAR           shift and go to state 67
    ONCE            shift and go to state 68
    LPAREN          shift and go to state 69
    NAME            shift and go to state 57
    ACTIVE          shift and go to state 73
    TRUE            shift and go to state 71
    FALSE           shift and go to state 72
    TIME            shift and go to state 74
    SEQUENCE        shift and go to state 75
    MUTEX           shift and go to state 76

    tl_unary                       shift and go to state 157
    tl_atom                        shift and go to state 70

state 69

    (169) tl_unary -> LPAREN . tl_formula RPAREN
    (153) tl_formula -> . tl_imp
    (154) tl_imp -> . tl_or
    (155) tl_imp -> . tl_or IMPLIES tl_imp
    (156) tl_imp -> . tl_or IMPLIES_KW tl_imp
    (157) tl_or -> . tl_and
    (158) tl_or -> . tl_or OR tl_and
    (159) tl_and -> . tl_u
    (160) tl_and -> . tl_and AND tl_u
    (161) tl_u -> . tl_unary
    (162) tl_u -> . tl_unary UNTIL tl_unary
    (163) tl_u -> . tl_unary SINCE tl_unary
    (164) tl_unary -> . NOT tl_unary
    (165) tl_unary -> . ALWAYS tl_unary
    (166) tl_unary -> . EVENTUALLY tl_unary
    (167) tl_unary -> . SOFAR tl_unary
    (168) tl_unary -> . ONCE tl_unary
    (169) tl_unary -> . LPAREN tl_formula RPAREN
    (170) tl_unary -> . tl_atom
    (171) tl_atom -> . NAME cmp_op NUMBER
    (172) tl_atom -> . NAME EQ NAME
    (173) tl_atom -> . NAME EQ TRUE
    (174) tl_atom -> . NAME EQ FALSE
    (175) tl_atom -> . ACTIVE LPAREN NAME RPAREN
    (176) tl_atom -> . TRUE
    (177) tl_atom -> . FALSE
    (178) tl_atom -> . TIME cmp_op NUMBER
    (179) tl_atom -> . TIME cmp_op NAME DOT START_KW
    (180) tl_atom -> . TIME cmp_op NAME DOT END
    (181) tl_atom -> . NAME DOT START_KW cmp_op NUMBER
    (182) tl_atom -> . NAME DOT END cmp_op NUMBER
    (183) tl_atom -> . NAME DOT START_KW cmp_op NAME DOT START_KW
    (184) tl_atom -> . NAME DOT START_KW cmp_op NAME DOT END
    (185) tl_atom -> . NAME DOT END cmp_op NAME DOT START_KW
    (186) tl_atom -> . NAME DOT END cmp_op NAME DOT END
    (187) tl_atom -> . SEQUENCE LBRACKET task_name_list RBRACKET
    (188) tl_atom -> . MUTEX LBRACKET task_name_list RBRACKET
    (189) tl_atom -> . MUTEX CROSS LBRACKET task_name_list RBRACKET
    (190) tl_atom -> . MUTEX LBRACKET task_name_list RBRACKET WITH LBRACKET task_name_list RBRACKET

    NOT             shift and go to state 64
    ALWAYS          shift and go to state 65
    EVENTUALLY      shift and go to state 66
    SOFAR           shift and go to state 67
    ONCE            shift and go to state 68
    LPAREN          shift and go to state 69
    NAME            shift and go to state 57
    ACTIVE          shift and go to state 73
    TRUE            shift and go to state 71
    FALSE           shift and go to state 72
    TIME            shift and go to state 74
    SEQUENCE        shift and go to state 75
    MUTEX           shift and go to state 76

    tl_formula                     shift and go to state 158
    tl_imp                         shift and go to state 59
    tl_or                          shift and go to state 60
    tl_and                         shift and go to state 61
    tl_u                           shift and go to state 62
    tl_unary                       shift and go to state 63
    tl_atom                        shift and go to state 70

state 70

    (170) tl_unary -> tl_atom .

    UNTIL           reduce using rule 170 (tl_unary -> tl_atom .)
    SINCE           reduce using rule 170 (tl_unary -> tl_atom .)
    AND             reduce using rule 170 (tl_unary -> tl_atom .)
    IMPLIES         reduce using rule 170 (tl_unary -> tl_atom .)
    IMPLIES_KW      reduce using rule 170 (tl_unary -> tl_atom .)
    OR              reduce using rule 170 (tl_unary -> tl_atom .)
    SEMI            reduce using rule 170 (tl_unary -> tl_atom .)
    RPAREN          reduce using rule 170 (tl_unary -> tl_atom .)


state 71

    (176) tl_atom -> TRUE .

    UNTIL           reduce using rule 176 (tl_atom -> TRUE .)
    SINCE           reduce using rule 176 (tl_atom -> TRUE .)
    AND             reduce using rule 176 (tl_atom -> TRUE .)
    IMPLIES         reduce using rule 176 (tl_atom -> TRUE .)
    IMPLIES_KW      reduce using rule 176 (tl_atom -> TRUE .)
    OR              reduce using rule 176 (tl_atom -> TRUE .)
    SEMI            reduce using rule 176 (tl_atom -> TRUE .)
    RPAREN          reduce using rule 176 (tl_atom -> TRUE .)


state 72

    (177) tl_atom -> FALSE .

    UNTIL           reduce using rule 177 (tl_atom -> FALSE .)
    SINCE           reduce using rule 177 (tl_atom -> FALSE .)
    AND             reduce using rule 177 (tl_atom -> FALSE .)
    IMPLIES         reduce using rule 177 (tl_atom -> FALSE .)
    IMPLIES_KW      reduce using rule 177 (tl_atom -> FALSE .)
    OR              reduce using rule 177 (tl_atom -> FALSE .)
    SEMI            reduce using rule 177 (tl_atom -> FALSE .)
    RPAREN          reduce using rule 177 (tl_atom -> FALSE .)


state 73

    (175) tl_atom -> ACTIVE . LPAREN NAME RPAREN

    LPAREN          shift and go to state 159


state 74

    (178) tl_atom -> TIME . cmp_op NUMBER
    (179) tl_atom -> TIME . cmp_op NAME DOT START_KW
    (180) tl_atom -> TIME . cmp_op NAME DOT END
    (193) cmp_op -> . LT
    (194) cmp_op -> . LE
    (195) cmp_op -> . EQ
    (196) cmp_op -> . GE
    (197) cmp_op -> . GT

    LT              shift and go to state 142
    LE              shift and go to state 143
    EQ              shift and go to state 161
    GE              shift and go to state 144
    GT              shift and go to state 145

    cmp_op                         shift and go to state 160

state 75

    (187) tl_atom -> SEQUENCE . LBRACKET task_name_list RBRACKET

    LBRACKET        shift and go to state 162


state 76

    (188) tl_atom -> MUTEX . LBRACKET task_name_list RBRACKET
    (189) tl_atom -> MUTEX . CROSS LBRACKET task_name_list RBRACKET
    (190) tl_atom -> MUTEX . LBRACKET task_name_list RBRACKET WITH LBRACKET task_name_list RBRACKET

    LBRACKET        shift and go to state 163
    CROSS           shift and go to state 164


state 77

    (147) properties_block -> PROPERTIES LBRACE temporal_prop_list . RBRACE
    (150) temporal_prop_list -> temporal_prop_list . temporal_prop
    (151) temporal_prop -> . PROP NAME COLON tl_formula SEMI
    (152) temporal_prop -> . tl_formula SEMI
    (153) tl_formula -> . tl_imp
    (154) tl_imp -> . tl_or
    (155) tl_imp -> . tl_or IMPLIES tl_imp
    (156) tl_imp -> . tl_or IMPLIES_KW tl_imp
    (157) tl_or -> . tl_and
    (158) tl_or -> . tl_or OR tl_and
    (159) tl_and -> . tl_u
    (160) tl_and -> . tl_and AND tl_u
    (161) tl_u -> . tl_unary
    (162) tl_u -> . tl_unary UNTIL tl_unary
    (163) tl_u -> . tl_unary SINCE tl_unary
    (164) tl_unary -> . NOT tl_unary
    (165) tl_unary -> . ALWAYS tl_unary
    (166) tl_unary -> . EVENTUALLY tl_unary
    (167) tl_unary -> . SOFAR tl_unary
    (168) tl_unary -> . ONCE tl_unary
    (169) tl_unary -> . LPAREN tl_formula RPAREN
    (170) tl_unary -> . tl_atom
    (171) tl_atom -> . NAME cmp_op NUMBER
    (172) tl_atom -> . NAME EQ NAME
    (173) tl_atom -> . NAME EQ TRUE
    (174) tl_atom -> . NAME EQ FALSE
    (175) tl_atom -> . ACTIVE LPAREN NAME RPAREN
    (176) tl_atom -> . TRUE
    (177) tl_atom -> . FALSE
    (178) tl_atom -> . TIME cmp_op NUMBER
    (179) tl_atom -> . TIME cmp_op NAME DOT START_KW
    (180) tl_atom -> . TIME cmp_op NAME DOT END
    (181) tl_atom -> . NAME DOT START_KW cmp_op NUMBER
    (182) tl_atom -> . NAME DOT END cmp_op NUMBER
    (183) tl_atom -> . NAME DOT START_KW cmp_op NAME DOT START_KW
    (184) tl_atom -> . NAME DOT START_KW cmp_op NAME DOT END
    (185) tl_atom -> . NAME DOT END cmp_op NAME DOT START_KW
    (186) tl_atom -> . NAME DOT END cmp_op NAME DOT END
    (187) tl_atom -> . SEQUENCE LBRACKET task_name_list RBRACKET
    (188) tl_atom -> . MUTEX LBRACKET task_name_list RBRACKET
    (189) tl_atom -> . MUTEX CROSS LBRACKET task_name_list RBRACKET
    (190) tl_atom -> . MUTEX LBRACKET task_name_list RBRACKET WITH LBRACKET task_name_list RBRACKET

    RBRACE          shift and go to state 165
    PROP            shift and go to state 56
    NOT             shift and go to state 64
    ALWAYS          shift and go to state 65
    EVENTUALLY      shift and go to state 66
    SOFAR           shift and go to state 67
    ONCE            shift and go to state 68
    LPAREN          shift and go to state 69
    NAME            shift and go to state 57
    ACTIVE          shift and go to state 73
    TRUE            shift and go to state 71
    FALSE           shift and go to state 72
    TIME            shift and go to state 74
    SEQUENCE        shift and go to state 75
    MUTEX           shift and go to state 76

    temporal_prop                  shift and go to state 137
    tl_formula                     shift and go to state 58
    tl_imp                         shift and go to state 59
    tl_or                          shift and go to state 60
    tl_and                         shift and go to state 61
    tl_u                           shift and go to state 62
    tl_unary                       shift and go to state 63
    tl_atom                        shift and go to state 70

state 78

    (202) value -> NAME .

    SEMI            reduce using rule 202 (value -> NAME .)
    STRING          reduce using rule 202 (value -> NAME .)
    NUMBER          reduce using rule 202 (value -> NAME .)
    TRUE            reduce using rule 202 (value -> NAME .)
    FALSE           reduce using rule 202 (value -> NAME .)
    NAME            reduce using rule 202 (value -> NAME .)
    LBRACKET        reduce using rule 202 (value -> NAME .)


state 79

    (13) tasknet_body_item -> PARAM NAME EQ param_value . SEMI

    SEMI            shift and go to state 166


state 80

    (208) param_value -> value .

    SEMI            reduce using rule 208 (param_value -> value .)


state 81

    (209) param_value -> LBRACKET . NUMBER COMMA NUMBER RBRACKET

    NUMBER          shift and go to state 167


state 82

    (199) value -> NUMBER .

    SEMI            reduce using rule 199 (value -> NUMBER .)
    STRING          reduce using rule 199 (value -> NUMBER .)
    NUMBER          reduce using rule 199 (value -> NUMBER .)
    TRUE            reduce using rule 199 (value -> NUMBER .)
    FALSE           reduce using rule 199 (value -> NUMBER .)
    NAME            reduce using rule 199 (value -> NUMBER .)
    LBRACKET        reduce using rule 199 (value -> NUMBER .)


state 83

    (198) value -> STRING .

    SEMI            reduce using rule 198 (value -> STRING .)
    STRING          reduce using rule 198 (value -> STRING .)
    NUMBER          reduce using rule 198 (value -> STRING .)
    TRUE            reduce using rule 198 (value -> STRING .)
    FALSE           reduce using rule 198 (value -> STRING .)
    NAME            reduce using rule 198 (value -> STRING .)
    LBRACKET        reduce using rule 198 (value -> STRING .)


state 84

    (200) value -> TRUE .

    SEMI            reduce using rule 200 (value -> TRUE .)
    STRING          reduce using rule 200 (value -> TRUE .)
    NUMBER          reduce using rule 200 (value -> TRUE .)
    TRUE            reduce using rule 200 (value -> TRUE .)
    FALSE           reduce using rule 200 (value -> TRUE .)
    NAME            reduce using rule 200 (value -> TRUE .)
    LBRACKET        reduce using rule 200 (value -> TRUE .)


state 85

    (201) value -> FALSE .

    SEMI            reduce using rule 201 (value -> FALSE .)
    STRING          reduce using rule 201 (value -> FALSE .)
    NUMBER          reduce using rule 201 (value -> FALSE .)
    TRUE            reduce using rule 201 (value -> FALSE .)
    FALSE           reduce using rule 201 (value -> FALSE .)
    NAME            reduce using rule 201 (value -> FALSE .)
    LBRACKET        reduce using rule 201 (value -> FALSE .)


state 86

    (14) end_decl -> END EQ NUMBER SEMI .

    RBRACE          reduce using rule 14 (end_decl -> END EQ NUMBER SEMI .)
    PARAM           reduce using rule 14 (end_decl -> END EQ NUMBER SEMI .)
    END             reduce using rule 14 (end_decl -> END EQ NUMBER SEMI .)
    TIMELINES       reduce using rule 14 (end_decl -> END EQ NUMBER SEMI .)
    INITIAL         reduce using rule 14 (end_decl -> END EQ NUMBER SEMI .)
    FINAL           reduce using rule 14 (end_decl -> END EQ NUMBER SEMI .)
    TASKDEF         reduce using rule 14 (end_decl -> END EQ NUMBER SEMI .)
    CONSTRAINTS     reduce using rule 14 (end_decl -> END EQ NUMBER SEMI .)
    PROPERTIES      reduce using rule 14 (end_decl -> END EQ NUMBER SEMI .)
    OPTIONAL        reduce using rule 14 (end_decl -> END EQ NUMBER SEMI .)
    REQUEST         reduce using rule 14 (end_decl -> END EQ NUMBER SEMI .)
    TASK            reduce using rule 14 (end_decl -> END EQ NUMBER SEMI .)


state 87

    (15) timelines_block -> TIMELINES LBRACE timeline_decl_list RBRACE .

    RBRACE          reduce using rule 15 (timelines_block -> TIMELINES LBRACE timeline_decl_list RBRACE .)
    PARAM           reduce using rule 15 (timelines_block -> TIMELINES LBRACE timeline_decl_list RBRACE .)
    END             reduce using rule 15 (timelines_block -> TIMELINES LBRACE timeline_decl_list RBRACE .)
    TIMELINES       reduce using rule 15 (timelines_block -> TIMELINES LBRACE timeline_decl_list RBRACE .)
    INITIAL         reduce using rule 15 (timelines_block -> TIMELINES LBRACE timeline_decl_list RBRACE .)
    FINAL           reduce using rule 15 (timelines_block -> TIMELINES LBRACE timeline_decl_list RBRACE .)
    TASKDEF         reduce using rule 15 (timelines_block -> TIMELINES LBRACE timeline_decl_list RBRACE .)
    CONSTRAINTS     reduce using rule 15 (timelines_block -> TIMELINES LBRACE timeline_decl_list RBRACE .)
    PROPERTIES      reduce using rule 15 (timelines_block -> TIMELINES LBRACE timeline_decl_list RBRACE .)
    OPTIONAL        reduce using rule 15 (timelines_block -> TIMELINES LBRACE timeline_decl_list RBRACE .)
    REQUEST         reduce using rule 15 (timelines_block -> TIMELINES LBRACE timeline_decl_list RBRACE .)
    TASK            reduce using rule 15 (timelines_block -> TIMELINES LBRACE timeline_decl_list RBRACE .)


state 88

    (17) timeline_decl_list -> timeline_decl_list timeline_decl .

    RBRACE          reduce using rule 17 (timeline_decl_list -> timeline_decl_list timeline_decl .)
    NAME            reduce using rule 17 (timeline_decl_list -> timeline_decl_list timeline_decl .)


state 89

    (19) timeline_decl -> NAME COLON . timeline_kind SEMI
    (20) timeline_kind -> . STATE LPAREN state_list RPAREN EQ NAME
    (21) timeline_kind -> . STATE LPAREN state_list RPAREN EQ NUMBER
    (26) timeline_kind -> . ATOMIC init_int_opt
    (42) timeline_kind -> . claim_kw range_opt init_opt
    (43) timeline_kind -> . cumul_kw range_opt bounds_opt init_opt
    (44) timeline_kind -> . RATE range_opt bounds_opt init_opt initial_rate_opt
    (27) claim_kw -> . CLAIM
    (28) claim_kw -> . CLAIMABLE
    (29) cumul_kw -> . CUMUL
    (30) cumul_kw -> . CUMULATIVE

    STATE           shift and go to state 169
    ATOMIC          shift and go to state 170
    RATE            shift and go to state 173
    CLAIM           shift and go to state 174
    CLAIMABLE       shift and go to state 175
    CUMUL           shift and go to state 176
    CUMULATIVE      shift and go to state 177

    timeline_kind                  shift and go to state 168
    claim_kw                       shift and go to state 171
    cumul_kw                       shift and go to state 172

state 90

    (45) initial_block -> INITIAL LBRACE tlcon_list RBRACE .

    RBRACE          reduce using rule 45 (initial_block -> INITIAL LBRACE tlcon_list RBRACE .)
    PARAM           reduce using rule 45 (initial_block -> INITIAL LBRACE tlcon_list RBRACE .)
    END             reduce using rule 45 (initial_block -> INITIAL LBRACE tlcon_list RBRACE .)
    TIMELINES       reduce using rule 45 (initial_block -> INITIAL LBRACE tlcon_list RBRACE .)
    INITIAL         reduce using rule 45 (initial_block -> INITIAL LBRACE tlcon_list RBRACE .)
    FINAL           reduce using rule 45 (initial_block -> INITIAL LBRACE tlcon_list RBRACE .)
    TASKDEF         reduce using rule 45 (initial_block -> INITIAL LBRACE tlcon_list RBRACE .)
    CONSTRAINTS     reduce using rule 45 (initial_block -> INITIAL LBRACE tlcon_list RBRACE .)
    PROPERTIES      reduce using rule 45 (initial_block -> INITIAL LBRACE tlcon_list RBRACE .)
    OPTIONAL        reduce using rule 45 (initial_block -> INITIAL LBRACE tlcon_list RBRACE .)
    REQUEST         reduce using rule 45 (initial_block -> INITIAL LBRACE tlcon_list RBRACE .)
    TASK            reduce using rule 45 (initial_block -> INITIAL LBRACE tlcon_list RBRACE .)


state 91

    (119) tlcon_list -> tlcon_list tlcon_stmt .

    RBRACE          reduce using rule 119 (tlcon_list -> tlcon_list tlcon_stmt .)
    NAME            reduce using rule 119 (tlcon_list -> tlcon_list tlcon_stmt .)


state 92

    (120) tlcon_stmt -> NAME EQ . value SEMI
    (198) value -> . STRING
    (199) value -> . NUMBER
    (200) value -> . TRUE
    (201) value -> . FALSE
    (202) value -> . NAME

    STRING          shift and go to state 83
    NUMBER          shift and go to state 82
    TRUE            shift and go to state 84
    FALSE           shift and go to state 85
    NAME            shift and go to state 78

    value                          shift and go to state 178

state 93

    (121) tlcon_stmt -> NAME IN . con_list SEMI
    (122) con_list -> . con_item
    (123) con_list -> . con_list con_item
    (124) con_item -> . value
    (125) con_item -> . range
    (198) value -> . STRING
    (199) value -> . NUMBER
    (200) value -> . TRUE
    (201) value -> . FALSE
    (202) value -> . NAME
    (31) range -> . LBRACKET NUMBER COMMA NUMBER RBRACKET

    STRING          shift and go to state 83
    NUMBER          shift and go to state 82
    TRUE            shift and go to state 84
    FALSE           shift and go to state 85
    NAME            shift and go to state 78
    LBRACKET        shift and go to state 183

    con_list                       shift and go to state 179
    con_item                       shift and go to state 180
    value                          shift and go to state 181
    range                          shift and go to state 182

state 94

    (46) final_block -> FINAL LBRACE tlcon_list RBRACE .

    RBRACE          reduce using rule 46 (final_block -> FINAL LBRACE tlcon_list RBRACE .)
    PARAM           reduce using rule 46 (final_block -> FINAL LBRACE tlcon_list RBRACE .)
    END             reduce using rule 46 (final_block -> FINAL LBRACE tlcon_list RBRACE .)
    TIMELINES       reduce using rule 46 (final_block -> FINAL LBRACE tlcon_list RBRACE .)
    INITIAL         reduce using rule 46 (final_block -> FINAL LBRACE tlcon_list RBRACE .)
    FINAL           reduce using rule 46 (final_block -> FINAL LBRACE tlcon_list RBRACE .)
    TASKDEF         reduce using rule 46 (final_block -> FINAL LBRACE tlcon_list RBRACE .)
    CONSTRAINTS     reduce using rule 46 (final_block -> FINAL LBRACE tlcon_list RBRACE .)
    PROPERTIES      reduce using rule 46 (final_block -> FINAL LBRACE tlcon_list RBRACE .)
    OPTIONAL        reduce using rule 46 (final_block -> FINAL LBRACE tlcon_list RBRACE .)
    REQUEST         reduce using rule 46 (final_block -> FINAL LBRACE tlcon_list RBRACE .)
    TASK            reduce using rule 46 (final_block -> FINAL LBRACE tlcon_list RBRACE .)


state 95

    (47) final_block -> FINAL WITHIN INITIAL LBRACE . tlcon_list RBRACE
    (117) tlcon_list -> . empty
    (118) tlcon_list -> . tlcon_stmt
    (119) tlcon_list -> . tlcon_list tlcon_stmt
    (1) empty -> .
    (120) tlcon_stmt -> . NAME EQ value SEMI
    (121) tlcon_stmt -> . NAME IN con_list SEMI

  ! shift/reduce conflict for NAME resolved as shift
    RBRACE          reduce using rule 1 (empty -> .)
    NAME            shift and go to state 48

  ! NAME            [ reduce using rule 1 (empty -> .) ]

    tlcon_list                     shift and go to state 184
    empty                          shift and go to state 46
    tlcon_stmt                     shift and go to state 47

state 96

    (48) final_block -> FINAL WITHIN INITIAL SEMI .

    RBRACE          reduce using rule 48 (final_block -> FINAL WITHIN INITIAL SEMI .)
    PARAM           reduce using rule 48 (final_block -> FINAL WITHIN INITIAL SEMI .)
    END             reduce using rule 48 (final_block -> FINAL WITHIN INITIAL SEMI .)
    TIMELINES       reduce using rule 48 (final_block -> FINAL WITHIN INITIAL SEMI .)
    INITIAL         reduce using rule 48 (final_block -> FINAL WITHIN INITIAL SEMI .)
    FINAL           reduce using rule 48 (final_block -> FINAL WITHIN INITIAL SEMI .)
    TASKDEF         reduce using rule 48 (final_block -> FINAL WITHIN INITIAL SEMI .)
    CONSTRAINTS     reduce using rule 48 (final_block -> FINAL WITHIN INITIAL SEMI .)
    PROPERTIES      reduce using rule 48 (final_block -> FINAL WITHIN INITIAL SEMI .)
    OPTIONAL        reduce using rule 48 (final_block -> FINAL WITHIN INITIAL SEMI .)
    REQUEST         reduce using rule 48 (final_block -> FINAL WITHIN INITIAL SEMI .)
    TASK            reduce using rule 48 (final_block -> FINAL WITHIN INITIAL SEMI .)


state 97

    (49) task_def -> TASKDEF NAME LBRACE task_body_items . RBRACE
    (63) task_body_items -> task_body_items . task_body_item
    (64) task_body_item -> . task_id
    (65) task_body_item -> . task_priority
    (66) task_body_item -> . task_start_range
    (67) task_body_item -> . task_end_range
    (68) task_body_item -> . task_duration_range
    (69) task_body_item -> . task_duration
    (70) task_body_item -> . task_start_opt
    (71) task_body_item -> . task_after
    (72) task_body_item -> . task_containedin
    (73) task_body_item -> . param_block
    (74) task_body_item -> . constraints_block
    (75) task_body_item -> . pre_block
    (76) task_body_item -> . inv_block
    (77) task_body_item -> . post_block
    (78) task_body_item -> . task_impacts
    (79) task_body_item -> . task_def
    (80) task_id -> . ID_KW NUMBER SEMI
    (81) task_priority -> . PRIORITY NUMBER SEMI
    (82) task_start_range -> . START_RANGE range SEMI
    (83) task_end_range -> . END_RANGE range SEMI
    (84) task_duration_range -> . DURATION_RANGE range SEMI
    (85) task_duration -> . DURATION value SEMI
    (86) task_start_opt -> . START_KW NUMBER SEMI
    (87) task_start_opt -> . empty
    (88) task_after -> . AFTER after_list SEMI
    (95) task_containedin -> . CONTAINEDIN containedin_list SEMI
    (203) param_block -> . PARAM LBRACE param_decl_list RBRACE
    (107) constraints_block -> . CONSTRAINTS LBRACE constraints_items RBRACE
    (114) pre_block -> . PRE LBRACE tlcon_list RBRACE
    (115) inv_block -> . INV LBRACE tlcon_list RBRACE
    (116) post_block -> . POST LBRACE tlcon_list RBRACE
    (126) task_impacts -> . impacts_block
    (127) task_impacts -> . empty
    (49) task_def -> . TASKDEF NAME LBRACE task_body_items RBRACE
    (50) task_def -> . task_modifier_opt TASK NAME extends_opt LBRACE task_body_items RBRACE
    (51) task_def -> . task_modifier_opt TASK NAME extends_opt SEMI
    (54) task_def -> . task_modifier_opt TASK NAME LBRACKET NUMBER DOTDOT NUMBER RBRACKET extends_opt LBRACE task_body_items RBRACE
    (55) task_def -> . task_modifier_opt TASK NAME LBRACKET NUMBER RBRACKET extends_opt LBRACE task_body_items RBRACE
    (56) task_def -> . task_modifier_opt TASK NAME LBRACKET NUMBER DOTDOT NUMBER RBRACKET extends_opt SEMI
    (57) task_def -> . task_modifier_opt TASK NAME LBRACKET NUMBER RBRACKET extends_opt SEMI
    (1) empty -> .
    (128) impacts_block -> . IMPACTS LBRACE impact_group_list RBRACE
    (52) task_modifier_opt -> . empty
    (53) task_modifier_opt -> . OPTIONAL
    (58) task_modifier_opt -> . REQUEST

  ! shift/reduce conflict for RBRACE resolved as shift
  ! shift/reduce conflict for ID_KW resolved as shift
  ! shift/reduce conflict for PRIORITY resolved as shift
  ! shift/reduce conflict for START_RANGE resolved as shift
  ! shift/reduce conflict for END_RANGE resolved as shift
  ! shift/reduce conflict for DURATION_RANGE resolved as shift
  ! shift/reduce conflict for DURATION resolved as shift
  ! shift/reduce conflict for START_KW resolved as shift
  ! shift/reduce conflict for AFTER resolved as shift
  ! shift/reduce conflict for CONTAINEDIN resolved as shift
  ! shift/reduce conflict for PARAM resolved as shift
  ! shift/reduce conflict for CONSTRAINTS resolved as shift
  ! shift/reduce conflict for PRE resolved as shift
  ! shift/reduce conflict for INV resolved as shift
  ! shift/reduce conflict for POST resolved as shift
  ! shift/reduce conflict for TASKDEF resolved as shift
  ! shift/reduce conflict for IMPACTS resolved as shift
  ! shift/reduce conflict for OPTIONAL resolved as shift
  ! shift/reduce conflict for REQUEST resolved as shift
    RBRACE          shift and go to state 185
    ID_KW           shift and go to state 116
    PRIORITY        shift and go to state 117
    START_RANGE     shift and go to state 118
    END_RANGE       shift and go to state 119
    DURATION_RANGE  shift and go to state 120
    DURATION        shift and go to state 121
    START_KW        shift and go to state 122
    AFTER           shift and go to state 123
    CONTAINEDIN     shift and go to state 124
    PARAM           shift and go to state 125
    CONSTRAINTS     shift and go to state 126
    PRE             shift and go to state 127
    INV             shift and go to state 128
    POST            shift and go to state 129
    TASKDEF         shift and go to state 20
    TASK            reduce using rule 1 (empty -> .)
    IMPACTS         shift and go to state 131
    OPTIONAL        shift and go to state 25
    REQUEST         shift and go to state 26

  ! RBRACE          [ reduce using rule 1 (empty -> .) ]
  ! ID_KW           [ reduce using rule 1 (empty -> .) ]
  ! PRIORITY        [ reduce using rule 1 (empty -> .) ]
  ! START_RANGE     [ reduce using rule 1 (empty -> .) ]
  ! END_RANGE       [ reduce using rule 1 (empty -> .) ]
  ! DURATION_RANGE  [ reduce using rule 1 (empty -> .) ]
  ! DURATION        [ reduce using rule 1 (empty -> .) ]
  ! START_KW        [ reduce using rule 1 (empty -> .) ]
  ! AFTER           [ reduce using rule 1 (empty -> .) ]
  ! CONTAINEDIN     [ reduce using rule 1 (empty -> .) ]
  ! PARAM           [ reduce using rule 1 (empty -> .) ]
  ! CONSTRAINTS     [ reduce using rule 1 (empty -> .) ]
  ! PRE             [ reduce using rule 1 (empty -> .) ]
  ! INV             [ reduce using rule 1 (empty -> .) ]
  ! POST            [ reduce using rule 1 (empty -> .) ]
  ! TASKDEF         [ reduce using rule 1 (empty -> .) ]
  ! IMPACTS         [ reduce using rule 1 (empty -> .) ]
  ! OPTIONAL        [ reduce using rule 1 (empty -> .) ]
  ! REQUEST         [ reduce using rule 1 (empty -> .) ]

    task_body_item                 shift and go to state 186
    task_id                        shift and go to state 100
    task_priority                  shift and go to state 101
    task_start_range               shift and go to state 102
    task_end_range                 shift and go to state 103
    task_duration_range            shift and go to state 104
    task_duration                  shift and go to state 105
    task_start_opt                 shift and go to state 106
    task_after                     shift and go to state 107
    task_containedin               shift and go to state 108
    param_block                    shift and go to state 109
    constraints_block              shift and go to state 110
    pre_block                      shift and go to state 111
    inv_block                      shift and go to state 112
    post_block                     shift and go to state 113
    task_impacts                   shift and go to state 114
    task_def                       shift and go to state 115
    empty                          shift and go to state 187
    impacts_block                  shift and go to state 130
    task_modifier_opt              shift and go to state 21

state 98

    (61) task_body_items -> empty .
    (87) task_start_opt -> empty .
    (127) task_impacts -> empty .
    (52) task_modifier_opt -> empty .

  ! reduce/reduce conflict for RBRACE resolved using rule 61 (task_body_items -> empty .)
  ! reduce/reduce conflict for ID_KW resolved using rule 61 (task_body_items -> empty .)
  ! reduce/reduce conflict for PRIORITY resolved using rule 61 (task_body_items -> empty .)
  ! reduce/reduce conflict for START_RANGE resolved using rule 61 (task_body_items -> empty .)
  ! reduce/reduce conflict for END_RANGE resolved using rule 61 (task_body_items -> empty .)
  ! reduce/reduce conflict for DURATION_RANGE resolved using rule 61 (task_body_items -> empty .)
  ! reduce/reduce conflict for DURATION resolved using rule 61 (task_body_items -> empty .)
  ! reduce/reduce conflict for START_KW resolved using rule 61 (task_body_items -> empty .)
  ! reduce/reduce conflict for AFTER resolved using rule 61 (task_body_items -> empty .)
  ! reduce/reduce conflict for CONTAINEDIN resolved using rule 61 (task_body_items -> empty .)
  ! reduce/reduce conflict for PARAM resolved using rule 61 (task_body_items -> empty .)
  ! reduce/reduce conflict for CONSTRAINTS resolved using rule 61 (task_body_items -> empty .)
  ! reduce/reduce conflict for PRE resolved using rule 61 (task_body_items -> empty .)
  ! reduce/reduce conflict for INV resolved using rule 61 (task_body_items -> empty .)
  ! reduce/reduce conflict for POST resolved using rule 61 (task_body_items -> empty .)
  ! reduce/reduce conflict for TASKDEF resolved using rule 61 (task_body_items -> empty .)
  ! reduce/reduce conflict for IMPACTS resolved using rule 61 (task_body_items -> empty .)
  ! reduce/reduce conflict for OPTIONAL resolved using rule 61 (task_body_items -> empty .)
  ! reduce/reduce conflict for REQUEST resolved using rule 61 (task_body_items -> empty .)
  ! reduce/reduce conflict for TASK resolved using rule 61 (task_body_items -> empty .)
  ! reduce/reduce conflict for RBRACE resolved using rule 61 (task_body_items -> empty .)
  ! reduce/reduce conflict for ID_KW resolved using rule 61 (task_body_items -> empty .)
  ! reduce/reduce conflict for PRIORITY resolved using rule 61 (task_body_items -> empty .)
  ! reduce/reduce conflict for START_RANGE resolved using rule 61 (task_body_items -> empty .)
  ! reduce/reduce conflict for END_RANGE resolved using rule 61 (task_body_items -> empty .)
  ! reduce/reduce conflict for DURATION_RANGE resolved using rule 61 (task_body_items -> empty .)
  ! reduce/reduce conflict for DURATION resolved using rule 61 (task_body_items -> empty .)
  ! reduce/reduce conflict for START_KW resolved using rule 61 (task_body_items -> empty .)
  ! reduce/reduce conflict for AFTER resolved using rule 61 (task_body_items -> empty .)
  ! reduce/reduce conflict for CONTAINEDIN resolved using rule 61 (task_body_items -> empty .)
  ! reduce/reduce conflict for PARAM resolved using rule 61 (task_body_items -> empty .)
  ! reduce/reduce conflict for CONSTRAINTS resolved using rule 61 (task_body_items -> empty .)
  ! reduce/reduce conflict for PRE resolved using rule 61 (task_body_items -> empty .)
  ! reduce/reduce conflict for INV resolved using rule 61 (task_body_items -> empty .)
  ! reduce/reduce conflict for POST resolved using rule 61 (task_body_items -> empty .)
  ! reduce/reduce conflict for TASKDEF resolved using rule 61 (task_body_items -> empty .)
  ! reduce/reduce conflict for IMPACTS resolved using rule 61 (task_body_items -> empty .)
  ! reduce/reduce conflict for OPTIONAL resolved using rule 61 (task_body_items -> empty .)
  ! reduce/reduce conflict for REQUEST resolved using rule 61 (task_body_items -> empty .)
  ! reduce/reduce conflict for TASK resolved using rule 61 (task_body_items -> empty .)
  ! reduce/reduce conflict for TASK resolved using rule 52 (task_modifier_opt -> empty .)
    RBRACE          reduce using rule 61 (task_body_items -> empty .)
    ID_KW           reduce using rule 61 (task_body_items -> empty .)
    PRIORITY        reduce using rule 61 (task_body_items -> empty .)
    START_RANGE     reduce using rule 61 (task_body_items -> empty .)
    END_RANGE       reduce using rule 61 (task_body_items -> empty .)
    DURATION_RANGE  reduce using rule 61 (task_body_items -> empty .)
    DURATION        reduce using rule 61 (task_body_items -> empty .)
    START_KW        reduce using rule 61 (task_body_items -> empty .)
    AFTER           reduce using rule 61 (task_body_items -> empty .)
    CONTAINEDIN     reduce using rule 61 (task_body_items -> empty .)
    PARAM           reduce using rule 61 (task_body_items -> empty .)
    CONSTRAINTS     reduce using rule 61 (task_body_items -> empty .)
    PRE             reduce using rule 61 (task_body_items -> empty .)
    INV             reduce using rule 61 (task_body_items -> empty .)
    POST            reduce using rule 61 (task_body_items -> empty .)
    TASKDEF         reduce using rule 61 (task_body_items -> empty .)
    IMPACTS         reduce using rule 61 (task_body_items -> empty .)
    OPTIONAL        reduce using rule 61 (task_body_items -> empty .)
    REQUEST         reduce using rule 61 (task_body_items -> empty .)
    TASK            reduce using rule 52 (task_modifier_opt -> empty .)

  ! TASK            [ reduce using rule 61 (task_body_items -> empty .) ]
  ! RBRACE          [ reduce using rule 87 (task_start_opt -> empty .) ]
  ! ID_KW           [ reduce using rule 87 (task_start_opt -> empty .) ]
  ! PRIORITY        [ reduce using rule 87 (task_start_opt -> empty .) ]
  ! START_RANGE     [ reduce using rule 87 (task_start_opt -> empty .) ]
  ! END_RANGE       [ reduce using rule 87 (task_start_opt -> empty .) ]
  ! DURATION_RANGE  [ reduce using rule 87 (task_start_opt -> empty .) ]
  ! DURATION        [ reduce using rule 87 (task_start_opt -> empty .) ]
  ! START_KW        [ reduce using rule 87 (task_start_opt -> empty .) ]
  ! AFTER           [ reduce using rule 87 (task_start_opt -> empty .) ]
  ! CONTAINEDIN     [ reduce using rule 87 (task_start_opt -> empty .) ]
  ! PARAM           [ reduce using rule 87 (task_start_opt -> empty .) ]
  ! CONSTRAINTS     [ reduce using rule 87 (task_start_opt -> empty .) ]
  ! PRE             [ reduce using rule 87 (task_start_opt -> empty .) ]
  ! INV             [ reduce using rule 87 (task_start_opt -> empty .) ]
  ! POST            [ reduce using rule 87 (task_start_opt -> empty .) ]
  ! TASKDEF         [ reduce using rule 87 (task_start_opt -> empty .) ]
  ! IMPACTS         [ reduce using rule 87 (task_start_opt -> empty .) ]
  ! OPTIONAL        [ reduce using rule 87 (task_start_opt -> empty .) ]
  ! REQUEST         [ reduce using rule 87 (task_start_opt -> empty .) ]
  ! TASK            [ reduce using rule 87 (task_start_opt -> empty .) ]
  ! RBRACE          [ reduce using rule 127 (task_impacts -> empty .) ]
  ! ID_KW           [ reduce using rule 127 (task_impacts -> empty .) ]
  ! PRIORITY        [ reduce using rule 127 (task_impacts -> empty .) ]
  ! START_RANGE     [ reduce using rule 127 (task_impacts -> empty .) ]
  ! END_RANGE       [ reduce using rule 127 (task_impacts -> empty .) ]
  ! DURATION_RANGE  [ reduce using rule 127 (task_impacts -> empty .) ]
  ! DURATION        [ reduce using rule 127 (task_impacts -> empty .) ]
  ! START_KW        [ reduce using rule 127 (task_impacts -> empty .) ]
  ! AFTER           [ reduce using rule 127 (task_impacts -> empty .) ]
  ! CONTAINEDIN     [ reduce using rule 127 (task_impacts -> empty .) ]
  ! PARAM           [ reduce using rule 127 (task_impacts -> empty .) ]
  ! CONSTRAINTS     [ reduce using rule 127 (task_impacts -> empty .) ]
  ! PRE             [ reduce using rule 127 (task_impacts -> empty .) ]
  ! INV             [ reduce using rule 127 (task_impacts -> empty .) ]
  ! POST            [ reduce using rule 127 (task_impacts -> empty .) ]
  ! TASKDEF         [ reduce using rule 127 (task_impacts -> empty .) ]
  ! IMPACTS         [ reduce using rule 127 (task_impacts -> empty .) ]
  ! OPTIONAL        [ reduce using rule 127 (task_impacts -> empty .) ]
  ! REQUEST         [ reduce using rule 127 (task_impacts -> empty .) ]
  ! TASK            [ reduce using rule 127 (task_impacts -> empty .) ]


state 99

    (62) task_body_items -> task_body_item .

    RBRACE          reduce using rule 62 (task_body_items -> task_body_item .)
    ID_KW           reduce using rule 62 (task_body_items -> task_body_item .)
    PRIORITY        reduce using rule 62 (task_body_items -> task_body_item .)
    START_RANGE     reduce using rule 62 (task_body_items -> task_body_item .)
    END_RANGE       reduce using rule 62 (task_body_items -> task_body_item .)
    DURATION_RANGE  reduce using rule 62 (task_body_items -> task_body_item .)
    DURATION        reduce using rule 62 (task_body_items -> task_body_item .)
    START_KW        reduce using rule 62 (task_body_items -> task_body_item .)
    AFTER           reduce using rule 62 (task_body_items -> task_body_item .)
    CONTAINEDIN     reduce using rule 62 (task_body_items -> task_body_item .)
    PARAM           reduce using rule 62 (task_body_items -> task_body_item .)
    CONSTRAINTS     reduce using rule 62 (task_body_items -> task_body_item .)
    PRE             reduce using rule 62 (task_body_items -> task_body_item .)
    INV             reduce using rule 62 (task_body_items -> task_body_item .)
    POST            reduce using rule 62 (task_body_items -> task_body_item .)
    TASKDEF         reduce using rule 62 (task_body_items -> task_body_item .)
    IMPACTS         reduce using rule 62 (task_body_items -> task_body_item .)
    OPTIONAL        reduce using rule 62 (task_body_items -> task_body_item .)
    REQUEST         reduce using rule 62 (task_body_items -> task_body_item .)
    TASK            reduce using rule 62 (task_body_items -> task_body_item .)


state 100

    (64) task_body_item -> task_id .

    RBRACE          reduce using rule 64 (task_body_item -> task_id .)
    ID_KW           reduce using rule 64 (task_body_item -> task_id .)
    PRIORITY        reduce using rule 64 (task_body_item -> task_id .)
    START_RANGE     reduce using rule 64 (task_body_item -> task_id .)
    END_RANGE       reduce using rule 64 (task_body_item -> task_id .)
    DURATION_RANGE  reduce using rule 64 (task_body_item -> task_id .)
    DURATION        reduce using rule 64 (task_body_item -> task_id .)
    START_KW        reduce using rule 64 (task_body_item -> task_id .)
    AFTER           reduce using rule 64 (task_body_item -> task_id .)
    CONTAINEDIN     reduce using rule 64 (task_body_item -> task_id .)
    PARAM           reduce using rule 64 (task_body_item -> task_id .)
    CONSTRAINTS     reduce using rule 64 (task_body_item -> task_id .)
    PRE             reduce using rule 64 (task_body_item -> task_id .)
    INV             reduce using rule 64 (task_body_item -> task_id .)
    POST            reduce using rule 64 (task_body_item -> task_id .)
    TASKDEF         reduce using rule 64 (task_body_item -> task_id .)
    IMPACTS         reduce using rule 64 (task_body_item -> task_id .)
    OPTIONAL        reduce using rule 64 (task_body_item -> task_id .)
    REQUEST         reduce using rule 64 (task_body_item -> task_id .)
    TASK            reduce using rule 64 (task_body_item -> task_id .)


state 101

    (65) task_body_item -> task_priority .

    RBRACE          reduce using rule 65 (task_body_item -> task_priority .)
    ID_KW           reduce using rule 65 (task_body_item -> task_priority .)
    PRIORITY        reduce using rule 65 (task_body_item -> task_priority .)
    START_RANGE     reduce using rule 65 (task_body_item -> task_priority .)
    END_RANGE       reduce using rule 65 (task_body_item -> task_priority .)
    DURATION_RANGE  reduce using rule 65 (task_body_item -> task_priority .)
    DURATION        reduce using rule 65 (task_body_item -> task_priority .)
    START_KW        reduce using rule 65 (task_body_item -> task_priority .)
    AFTER           reduce using rule 65 (task_body_item -> task_priority .)
    CONTAINEDIN     reduce using rule 65 (task_body_item -> task_priority .)
    PARAM           reduce using rule 65 (task_body_item -> task_priority .)
    CONSTRAINTS     reduce using rule 65 (task_body_item -> task_priority .)
    PRE             reduce using rule 65 (task_body_item -> task_priority .)
    INV             reduce using rule 65 (task_body_item -> task_priority .)
    POST            reduce using rule 65 (task_body_item -> task_priority .)
    TASKDEF         reduce using rule 65 (task_body_item -> task_priority .)
    IMPACTS         reduce using rule 65 (task_body_item -> task_priority .)
    OPTIONAL        reduce using rule 65 (task_body_item -> task_priority .)
    REQUEST         reduce using rule 65 (task_body_item -> task_priority .)
    TASK            reduce using rule 65 (task_body_item -> task_priority .)


state 102

    (66) task_body_item -> task_start_range .

    RBRACE          reduce using rule 66 (task_body_item -> task_start_range .)
    ID_KW           reduce using rule 66 (task_body_item -> task_start_range .)
    PRIORITY        reduce using rule 66 (task_body_item -> task_start_range .)
    START_RANGE     reduce using rule 66 (task_body_item -> task_start_range .)
    END_RANGE       reduce using rule 66 (task_body_item -> task_start_range .)
    DURATION_RANGE  reduce using rule 66 (task_body_item -> task_start_range .)
    DURATION        reduce using rule 66 (task_body_item -> task_start_range .)
    START_KW        reduce using rule 66 (task_body_item -> task_start_range .)
    AFTER           reduce using rule 66 (task_body_item -> task_start_range .)
    CONTAINEDIN     reduce using rule 66 (task_body_item -> task_start_range .)
    PARAM           reduce using rule 66 (task_body_item -> task_start_range .)
    CONSTRAINTS     reduce using rule 66 (task_body_item -> task_start_range .)
    PRE             reduce using rule 66 (task_body_item -> task_start_range .)
    INV             reduce using rule 66 (task_body_item -> task_start_range .)
    POST            reduce using rule 66 (task_body_item -> task_start_range .)
    TASKDEF         reduce using rule 66 (task_body_item -> task_start_range .)
    IMPACTS         reduce using rule 66 (task_body_item -> task_start_range .)
    OPTIONAL        reduce using rule 66 (task_body_item -> task_start_range .)
    REQUEST         reduce using rule 66 (task_body_item -> task_start_range .)
    TASK            reduce using rule 66 (task_body_item -> task_start_range .)


state 103

    (67) task_body_item -> task_end_range .

    RBRACE          reduce using rule 67 (task_body_item -> task_end_range .)
    ID_KW           reduce using rule 67 (task_body_item -> task_end_range .)
    PRIORITY        reduce using rule 67 (task_body_item -> task_end_range .)
    START_RANGE     reduce using rule 67 (task_body_item -> task_end_range .)
    END_RANGE       reduce using rule 67 (task_body_item -> task_end_range .)
    DURATION_RANGE  reduce using rule 67 (task_body_item -> task_end_range .)
    DURATION        reduce using rule 67 (task_body_item -> task_end_range .)
    START_KW        reduce using rule 67 (task_body_item -> task_end_range .)
    AFTER           reduce using rule 67 (task_body_item -> task_end_range .)
    CONTAINEDIN     reduce using rule 67 (task_body_item -> task_end_range .)
    PARAM           reduce using rule 67 (task_body_item -> task_end_range .)
    CONSTRAINTS     reduce using rule 67 (task_body_item -> task_end_range .)
    PRE             reduce using rule 67 (task_body_item -> task_end_range .)
    INV             reduce using rule 67 (task_body_item -> task_end_range .)
    POST            reduce using rule 67 (task_body_item -> task_end_range .)
    TASKDEF         reduce using rule 67 (task_body_item -> task_end_range .)
    IMPACTS         reduce using rule 67 (task_body_item -> task_end_range .)
    OPTIONAL        reduce using rule 67 (task_body_item -> task_end_range .)
    REQUEST         reduce using rule 67 (task_body_item -> task_end_range .)
    TASK            reduce using rule 67 (task_body_item -> task_end_range .)


state 104

    (68) task_body_item -> task_duration_range .

    RBRACE          reduce using rule 68 (task_body_item -> task_duration_range .)
    ID_KW           reduce using rule 68 (task_body_item -> task_duration_range .)
    PRIORITY        reduce using rule 68 (task_body_item -> task_duration_range .)
    START_RANGE     reduce using rule 68 (task_body_item -> task_duration_range .)
    END_RANGE       reduce using rule 68 (task_body_item -> task_duration_range .)
    DURATION_RANGE  reduce using rule 68 (task_body_item -> task_duration_range .)
    DURATION        reduce using rule 68 (task_body_item -> task_duration_range .)
    START_KW        reduce using rule 68 (task_body_item -> task_duration_range .)
    AFTER           reduce using rule 68 (task_body_item -> task_duration_range .)
    CONTAINEDIN     reduce using rule 68 (task_body_item -> task_duration_range .)
    PARAM           reduce using rule 68 (task_body_item -> task_duration_range .)
    CONSTRAINTS     reduce using rule 68 (task_body_item -> task_duration_range .)
    PRE             reduce using rule 68 (task_body_item -> task_duration_range .)
    INV             reduce using rule 68 (task_body_item -> task_duration_range .)
    POST            reduce using rule 68 (task_body_item -> task_duration_range .)
    TASKDEF         reduce using rule 68 (task_body_item -> task_duration_range .)
    IMPACTS         reduce using rule 68 (task_body_item -> task_duration_range .)
    OPTIONAL        reduce using rule 68 (task_body_item -> task_duration_range .)
    REQUEST         reduce using rule 68 (task_body_item -> task_duration_range .)
    TASK            reduce using rule 68 (task_body_item -> task_duration_range .)


state 105

    (69) task_body_item -> task_duration .

    RBRACE          reduce using rule 69 (task_body_item -> task_duration .)
    ID_KW           reduce using rule 69 (task_body_item -> task_duration .)
    PRIORITY        reduce using rule 69 (task_body_item -> task_duration .)
    START_RANGE     reduce using rule 69 (task_body_item -> task_duration .)
    END_RANGE       reduce using rule 69 (task_body_item -> task_duration .)
    DURATION_RANGE  reduce using rule 69 (task_body_item -> task_duration .)
    DURATION        reduce using rule 69 (task_body_item -> task_duration .)
    START_KW        reduce using rule 69 (task_body_item -> task_duration .)
    AFTER           reduce using rule 69 (task_body_item -> task_duration .)
    CONTAINEDIN     reduce using rule 69 (task_body_item -> task_duration .)
    PARAM           reduce using rule 69 (task_body_item -> task_duration .)
    CONSTRAINTS     reduce using rule 69 (task_body_item -> task_duration .)
    PRE             reduce using rule 69 (task_body_item -> task_duration .)
    INV             reduce using rule 69 (task_body_item -> task_duration .)
    POST            reduce using rule 69 (task_body_item -> task_duration .)
    TASKDEF         reduce using rule 69 (task_body_item -> task_duration .)
    IMPACTS         reduce using rule 69 (task_body_item -> task_duration .)
    OPTIONAL        reduce using rule 69 (task_body_item -> task_duration .)
    REQUEST         reduce using rule 69 (task_body_item -> task_duration .)
    TASK            reduce using rule 69 (task_body_item -> task_duration .)


state 106

    (70) task_body_item -> task_start_opt .

    RBRACE          reduce using rule 70 (task_body_item -> task_start_opt .)
    ID_KW           reduce using rule 70 (task_body_item -> task_start_opt .)
    PRIORITY        reduce using rule 70 (task_body_item -> task_start_opt .)
    START_RANGE     reduce using rule 70 (task_body_item -> task_start_opt .)
    END_RANGE       reduce using rule 70 (task_body_item -> task_start_opt .)
    DURATION_RANGE  reduce using rule 70 (task_body_item -> task_start_opt .)
    DURATION        reduce using rule 70 (task_body_item -> task_start_opt .)
    START_KW        reduce using rule 70 (task_body_item -> task_start_opt .)
    AFTER           reduce using rule 70 (task_body_item -> task_start_opt .)
    CONTAINEDIN     reduce using rule 70 (task_body_item -> task_start_opt .)
    PARAM           reduce using rule 70 (task_body_item -> task_start_opt .)
    CONSTRAINTS     reduce using rule 70 (task_body_item -> task_start_opt .)
    PRE             reduce using rule 70 (task_body_item -> task_start_opt .)
    INV             reduce using rule 70 (task_body_item -> task_start_opt .)
    POST            reduce using rule 70 (task_body_item -> task_start_opt .)
    TASKDEF         reduce using rule 70 (task_body_item -> task_start_opt .)
    IMPACTS         reduce using rule 70 (task_body_item -> task_start_opt .)
    OPTIONAL        reduce using rule 70 (task_body_item -> task_start_opt .)
    REQUEST         reduce using rule 70 (task_body_item -> task_start_opt .)
    TASK            reduce using rule 70 (task_body_item -> task_start_opt .)


state 107

    (71) task_body_item -> task_after .

    RBRACE          reduce using rule 71 (task_body_item -> task_after .)
    ID_KW           reduce using rule 71 (task_body_item -> task_after .)
    PRIORITY        reduce using rule 71 (task_body_item -> task_after .)
    START_RANGE     reduce using rule 71 (task_body_item -> task_after .)
    END_RANGE       reduce using rule 71 (task_body_item -> task_after .)
    DURATION_RANGE  reduce using rule 71 (task_body_item -> task_after .)
    DURATION        reduce using rule 71 (task_body_item -> task_after .)
    START_KW        reduce using rule 71 (task_body_item -> task_after .)
    AFTER           reduce using rule 71 (task_body_item -> task_after .)
    CONTAINEDIN     reduce using rule 71 (task_body_item -> task_after .)
    PARAM           reduce using rule 71 (task_body_item -> task_after .)
    CONSTRAINTS     reduce using rule 71 (task_body_item -> task_after .)
    PRE             reduce using rule 71 (task_body_item -> task_after .)
    INV             reduce using rule 71 (task_body_item -> task_after .)
    POST            reduce using rule 71 (task_body_item -> task_after .)
    TASKDEF         reduce using rule 71 (task_body_item -> task_after .)
    IMPACTS         reduce using rule 71 (task_body_item -> task_after .)
    OPTIONAL        reduce using rule 71 (task_body_item -> task_after .)
    REQUEST         reduce using rule 71 (task_body_item -> task_after .)
    TASK            reduce using rule 71 (task_body_item -> task_after .)


state 108

    (72) task_body_item -> task_containedin .

    RBRACE          reduce using rule 72 (task_body_item -> task_containedin .)
    ID_KW           reduce using rule 72 (task_body_item -> task_containedin .)
    PRIORITY        reduce using rule 72 (task_body_item -> task_containedin .)
    START_RANGE     reduce using rule 72 (task_body_item -> task_containedin .)
    END_RANGE       reduce using rule 72 (task_body_item -> task_containedin .)
    DURATION_RANGE  reduce using rule 72 (task_body_item -> task_containedin .)
    DURATION        reduce using rule 72 (task_body_item -> task_containedin .)
    START_KW        reduce using rule 72 (task_body_item -> task_containedin .)
    AFTER           reduce using rule 72 (task_body_item -> task_containedin .)
    CONTAINEDIN     reduce using rule 72 (task_body_item -> task_containedin .)
    PARAM           reduce using rule 72 (task_body_item -> task_containedin .)
    CONSTRAINTS     reduce using rule 72 (task_body_item -> task_containedin .)
    PRE             reduce using rule 72 (task_body_item -> task_containedin .)
    INV             reduce using rule 72 (task_body_item -> task_containedin .)
    POST            reduce using rule 72 (task_body_item -> task_containedin .)
    TASKDEF         reduce using rule 72 (task_body_item -> task_containedin .)
    IMPACTS         reduce using rule 72 (task_body_item -> task_containedin .)
    OPTIONAL        reduce using rule 72 (task_body_item -> task_containedin .)
    REQUEST         reduce using rule 72 (task_body_item -> task_containedin .)
    TASK            reduce using rule 72 (task_body_item -> task_containedin .)


state 109

    (73) task_body_item -> param_block .

    RBRACE          reduce using rule 73 (task_body_item -> param_block .)
    ID_KW           reduce using rule 73 (task_body_item -> param_block .)
    PRIORITY        reduce using rule 73 (task_body_item -> param_block .)
    START_RANGE     reduce using rule 73 (task_body_item -> param_block .)
    END_RANGE       reduce using rule 73 (task_body_item -> param_block .)
    DURATION_RANGE  reduce using rule 73 (task_body_item -> param_block .)
    DURATION        reduce using rule 73 (task_body_item -> param_block .)
    START_KW        reduce using rule 73 (task_body_item -> param_block .)
    AFTER           reduce using rule 73 (task_body_item -> param_block .)
    CONTAINEDIN     reduce using rule 73 (task_body_item -> param_block .)
    PARAM           reduce using rule 73 (task_body_item -> param_block .)
    CONSTRAINTS     reduce using rule 73 (task_body_item -> param_block .)
    PRE             reduce using rule 73 (task_body_item -> param_block .)
    INV             reduce using rule 73 (task_body_item -> param_block .)
    POST            reduce using rule 73 (task_body_item -> param_block .)
    TASKDEF         reduce using rule 73 (task_body_item -> param_block .)
    IMPACTS         reduce using rule 73 (task_body_item -> param_block .)
    OPTIONAL        reduce using rule 73 (task_body_item -> param_block .)
    REQUEST         reduce using rule 73 (task_body_item -> param_block .)
    TASK            reduce using rule 73 (task_body_item -> param_block .)


state 110

    (74) task_body_item -> constraints_block .

    RBRACE          reduce using rule 74 (task_body_item -> constraints_block .)
    ID_KW           reduce using rule 74 (task_body_item -> constraints_block .)
    PRIORITY        reduce using rule 74 (task_body_item -> constraints_block .)
    START_RANGE     reduce using rule 74 (task_body_item -> constraints_block .)
    END_RANGE       reduce using rule 74 (task_body_item -> constraints_block .)
    DURATION_RANGE  reduce using rule 74 (task_body_item -> constraints_block .)
    DURATION        reduce using rule 74 (task_body_item -> constraints_block .)
    START_KW        reduce using rule 74 (task_body_item -> constraints_block .)
    AFTER           reduce using rule 74 (task_body_item -> constraints_block .)
    CONTAINEDIN     reduce using rule 74 (task_body_item -> constraints_block .)
    PARAM           reduce using rule 74 (task_body_item -> constraints_block .)
    CONSTRAINTS     reduce using rule 74 (task_body_item -> constraints_block .)
    PRE             reduce using rule 74 (task_body_item -> constraints_block .)
    INV             reduce using rule 74 (task_body_item -> constraints_block .)
    POST            reduce using rule 74 (task_body_item -> constraints_block .)
    TASKDEF         reduce using rule 74 (task_body_item -> constraints_block .)
    IMPACTS         reduce using rule 74 (task_body_item -> constraints_block .)
    OPTIONAL        reduce using rule 74 (task_body_item -> constraints_block .)
    REQUEST         reduce using rule 74 (task_body_item -> constraints_block .)
    TASK            reduce using rule 74 (task_body_item -> constraints_block .)


state 111

    (75) task_body_item -> pre_block .

    RBRACE          reduce using rule 75 (task_body_item -> pre_block .)
    ID_KW           reduce using rule 75 (task_body_item -> pre_block .)
    PRIORITY        reduce using rule 75 (task_body_item -> pre_block .)
    START_RANGE     reduce using rule 75 (task_body_item -> pre_block .)
    END_RANGE       reduce using rule 75 (task_body_item -> pre_block .)
    DURATION_RANGE  reduce using rule 75 (task_body_item -> pre_block .)
    DURATION        reduce using rule 75 (task_body_item -> pre_block .)
    START_KW        reduce using rule 75 (task_body_item -> pre_block .)
    AFTER           reduce using rule 75 (task_body_item -> pre_block .)
    CONTAINEDIN     reduce using rule 75 (task_body_item -> pre_block .)
    PARAM           reduce using rule 75 (task_body_item -> pre_block .)
    CONSTRAINTS     reduce using rule 75 (task_body_item -> pre_block .)
    PRE             reduce using rule 75 (task_body_item -> pre_block .)
    INV             reduce using rule 75 (task_body_item -> pre_block .)
    POST            reduce using rule 75 (task_body_item -> pre_block .)
    TASKDEF         reduce using rule 75 (task_body_item -> pre_block .)
    IMPACTS         reduce using rule 75 (task_body_item -> pre_block .)
    OPTIONAL        reduce using rule 75 (task_body_item -> pre_block .)
    REQUEST         reduce using rule 75 (task_body_item -> pre_block .)
    TASK            reduce using rule 75 (task_body_item -> pre_block .)


state 112

    (76) task_body_item -> inv_block .

    RBRACE          reduce using rule 76 (task_body_item -> inv_block .)
    ID_KW           reduce using rule 76 (task_body_item -> inv_block .)
    PRIORITY        reduce using rule 76 (task_body_item -> inv_block .)
    START_RANGE     reduce using rule 76 (task_body_item -> inv_block .)
    END_RANGE       reduce using rule 76 (task_body_item -> inv_block .)
    DURATION_RANGE  reduce using rule 76 (task_body_item -> inv_block .)
    DURATION        reduce using rule 76 (task_body_item -> inv_block .)
    START_KW        reduce using rule 76 (task_body_item -> inv_block .)
    AFTER           reduce using rule 76 (task_body_item -> inv_block .)
    CONTAINEDIN     reduce using rule 76 (task_body_item -> inv_block .)
    PARAM           reduce using rule 76 (task_body_item -> inv_block .)
    CONSTRAINTS     reduce using rule 76 (task_body_item -> inv_block .)
    PRE             reduce using rule 76 (task_body_item -> inv_block .)
    INV             reduce using rule 76 (task_body_item -> inv_block .)
    POST            reduce using rule 76 (task_body_item -> inv_block .)
    TASKDEF         reduce using rule 76 (task_body_item -> inv_block .)
    IMPACTS         reduce using rule 76 (task_body_item -> inv_block .)
    OPTIONAL        reduce using rule 76 (task_body_item -> inv_block .)
    REQUEST         reduce using rule 76 (task_body_item -> inv_block .)
    TASK            reduce using rule 76 (task_body_item -> inv_block .)


state 113

    (77) task_body_item -> post_block .

    RBRACE          reduce using rule 77 (task_body_item -> post_block .)
    ID_KW           reduce using rule 77 (task_body_item -> post_block .)
    PRIORITY        reduce using rule 77 (task_body_item -> post_block .)
    START_RANGE     reduce using rule 77 (task_body_item -> post_block .)
    END_RANGE       reduce using rule 77 (task_body_item -> post_block .)
    DURATION_RANGE  reduce using rule 77 (task_body_item -> post_block .)
    DURATION        reduce using rule 77 (task_body_item -> post_block .)
    START_KW        reduce using rule 77 (task_body_item -> post_block .)
    AFTER           reduce using rule 77 (task_body_item -> post_block .)
    CONTAINEDIN     reduce using rule 77 (task_body_item -> post_block .)
    PARAM           reduce using rule 77 (task_body_item -> post_block .)
    CONSTRAINTS     reduce using rule 77 (task_body_item -> post_block .)
    PRE             reduce using rule 77 (task_body_item -> post_block .)
    INV             reduce using rule 77 (task_body_item -> post_block .)
    POST            reduce using rule 77 (task_body_item -> post_block .)
    TASKDEF         reduce using rule 77 (task_body_item -> post_block .)
    IMPACTS         reduce using rule 77 (task_body_item -> post_block .)
    OPTIONAL        reduce using rule 77 (task_body_item -> post_block .)
    REQUEST         reduce using rule 77 (task_body_item -> post_block .)
    TASK            reduce using rule 77 (task_body_item -> post_block .)


state 114

    (78) task_body_item -> task_impacts .

    RBRACE          reduce using rule 78 (task_body_item -> task_impacts .)
    ID_KW           reduce using rule 78 (task_body_item -> task_impacts .)
    PRIORITY        reduce using rule 78 (task_body_item -> task_impacts .)
    START_RANGE     reduce using rule 78 (task_body_item -> task_impacts .)
    END_RANGE       reduce using rule 78 (task_body_item -> task_impacts .)
    DURATION_RANGE  reduce using rule 78 (task_body_item -> task_impacts .)
    DURATION        reduce using rule 78 (task_body_item -> task_impacts .)
    START_KW        reduce using rule 78 (task_body_item -> task_impacts .)
    AFTER           reduce using rule 78 (task_body_item -> task_impacts .)
    CONTAINEDIN     reduce using rule 78 (task_body_item -> task_impacts .)
    PARAM           reduce using rule 78 (task_body_item -> task_impacts .)
    CONSTRAINTS     reduce using rule 78 (task_body_item -> task_impacts .)
    PRE             reduce using rule 78 (task_body_item -> task_impacts .)
    INV             reduce using rule 78 (task_body_item -> task_impacts .)
    POST            reduce using rule 78 (task_body_item -> task_impacts .)
    TASKDEF         reduce using rule 78 (task_body_item -> task_impacts .)
    IMPACTS         reduce using rule 78 (task_body_item -> task_impacts .)
    OPTIONAL        reduce using rule 78 (task_body_item -> task_impacts .)
    REQUEST         reduce using rule 78 (task_body_item -> task_impacts .)
    TASK            reduce using rule 78 (task_body_item -> task_impacts .)


state 115

    (79) task_body_item -> task_def .

    RBRACE          reduce using rule 79 (task_body_item -> task_def .)
    ID_KW           reduce using rule 79 (task_body_item -> task_def .)
    PRIORITY        reduce using rule 79 (task_body_item -> task_def .)
    START_RANGE     reduce using rule 79 (task_body_item -> task_def .)
    END_RANGE       reduce using rule 79 (task_body_item -> task_def .)
    DURATION_RANGE  reduce using rule 79 (task_body_item -> task_def .)
    DURATION        reduce using rule 79 (task_body_item -> task_def .)
    START_KW        reduce using rule 79 (task_body_item -> task_def .)
    AFTER           reduce using rule 79 (task_body_item -> task_def .)
    CONTAINEDIN     reduce using rule 79 (task_body_item -> task_def .)
    PARAM           reduce using rule 79 (task_body_item -> task_def .)
    CONSTRAINTS     reduce using rule 79 (task_body_item -> task_def .)
    PRE             reduce using rule 79 (task_body_item -> task_def .)
    INV             reduce using rule 79 (task_body_item -> task_def .)
    POST            reduce using rule 79 (task_body_item -> task_def .)
    TASKDEF         reduce using rule 79 (task_body_item -> task_def .)
    IMPACTS         reduce using rule 79 (task_body_item -> task_def .)
    OPTIONAL        reduce using rule 79 (task_body_item -> task_def .)
    REQUEST         reduce using rule 79 (task_body_item -> task_def .)
    TASK            reduce using rule 79 (task_body_item -> task_def .)


state 116

    (80) task_id -> ID_KW . NUMBER SEMI

    NUMBER          shift and go to state 188


state 117

    (81) task_priority -> PRIORITY . NUMBER SEMI

    NUMBER          shift and go to state 189


state 118

    (82) task_start_range -> START_RANGE . range SEMI
    (31) range -> . LBRACKET NUMBER COMMA NUMBER RBRACKET

    LBRACKET        shift and go to state 183

    range                          shift and go to state 190

state 119

    (83) task_end_range -> END_RANGE . range SEMI
    (31) range -> . LBRACKET NUMBER COMMA NUMBER RBRACKET

    LBRACKET        shift and go to state 183

    range                          shift and go to state 191

state 120

    (84) task_duration_range -> DURATION_RANGE . range SEMI
    (31) range -> . LBRACKET NUMBER COMMA NUMBER RBRACKET

    LBRACKET        shift and go to state 183

    range                          shift and go to state 192

state 121

    (85) task_duration -> DURATION . value SEMI
    (198) value -> . STRING
    (199) value -> . NUMBER
    (200) value -> . TRUE
    (201) value -> . FALSE
    (202) value -> . NAME

    STRING          shift and go to state 83
    NUMBER          shift and go to state 82
    TRUE            shift and go to state 84
    FALSE           shift and go to state 85
    NAME            shift and go to state 78

    value                          shift and go to state 193

state 122

    (86) task_start_opt -> START_KW . NUMBER SEMI

    NUMBER          shift and go to state 194


state 123

    (88) task_after -> AFTER . after_list SEMI
    (89) after_list -> . empty
    (90) after_list -> . after_item
    (91) after_list -> . after_list COMMA after_item
    (1) empty -> .
    (92) after_item -> . NAME
    (93) after_item -> . NAME LBRACKET NUMBER COMMA NUMBER RBRACKET
    (94) after_item -> . NAME NUMBER

    SEMI            reduce using rule 1 (empty -> .)
    COMMA           reduce using rule 1 (empty -> .)
    NAME            shift and go to state 198

    after_list                     shift and go to state 195
    empty                          shift and go to state 196
    after_item                     shift and go to state 197

state 124

    (95) task_containedin -> CONTAINEDIN . containedin_list SEMI
    (96) containedin_list -> . empty
    (97) containedin_list -> . containedin_item
    (98) containedin_list -> . containedin_list COMMA containedin_item
    (1) empty -> .
    (99) containedin_item -> . NAME
    (100) containedin_item -> . NAME offset offset
    (101) containedin_item -> . NAME NUMBER

    SEMI            reduce using rule 1 (empty -> .)
    COMMA           reduce using rule 1 (empty -> .)
    NAME            shift and go to state 202

    containedin_list               shift and go to state 199
    empty                          shift and go to state 200
    containedin_item               shift and go to state 201

state 125

    (203) param_block -> PARAM . LBRACE param_decl_list RBRACE

    LBRACE          shift and go to state 203


state 126

    (107) constraints_block -> CONSTRAINTS . LBRACE constraints_items RBRACE

    LBRACE          shift and go to state 204


state 127

    (114) pre_block -> PRE . LBRACE tlcon_list RBRACE

    LBRACE          shift and go to state 205


state 128

    (115) inv_block -> INV . LBRACE tlcon_list RBRACE

    LBRACE          shift and go to state 206


state 129

    (116) post_block -> POST . LBRACE tlcon_list RBRACE

    LBRACE          shift and go to state 207


state 130

    (126) task_impacts -> impacts_block .

    RBRACE          reduce using rule 126 (task_impacts -> impacts_block .)
    ID_KW           reduce using rule 126 (task_impacts -> impacts_block .)
    PRIORITY        reduce using rule 126 (task_impacts -> impacts_block .)
    START_RANGE     reduce using rule 126 (task_impacts -> impacts_block .)
    END_RANGE       reduce using rule 126 (task_impacts -> impacts_block .)
    DURATION_RANGE  reduce using rule 126 (task_impacts -> impacts_block .)
    DURATION        reduce using rule 126 (task_impacts -> impacts_block .)
    START_KW        reduce using rule 126 (task_impacts -> impacts_block .)
    AFTER           reduce using rule 126 (task_impacts -> impacts_block .)
    CONTAINEDIN     reduce using rule 126 (task_impacts -> impacts_block .)
    PARAM           reduce using rule 126 (task_impacts -> impacts_block .)
    CONSTRAINTS     reduce using rule 126 (task_impacts -> impacts_block .)
    PRE             reduce using rule 126 (task_impacts -> impacts_block .)
    INV             reduce using rule 126 (task_impacts -> impacts_block .)
    POST            reduce using rule 126 (task_impacts -> impacts_block .)
    TASKDEF         reduce using rule 126 (task_impacts -> impacts_block .)
    IMPACTS         reduce using rule 126 (task_impacts -> impacts_block .)
    OPTIONAL        reduce using rule 126 (task_impacts -> impacts_block .)
    REQUEST         reduce using rule 126 (task_impacts -> impacts_block .)
    TASK            reduce using rule 126 (task_impacts -> impacts_block .)


state 131

    (128) impacts_block -> IMPACTS . LBRACE impact_group_list RBRACE

    LBRACE          shift and go to state 208


state 132

    (50) task_def -> task_modifier_opt TASK NAME extends_opt . LBRACE task_body_items RBRACE
    (51) task_def -> task_modifier_opt TASK NAME extends_opt . SEMI

    LBRACE          shift and go to state 209
    SEMI            shift and go to state 210


state 133

    (54) task_def -> task_modifier_opt TASK NAME LBRACKET . NUMBER DOTDOT NUMBER RBRACKET extends_opt LBRACE task_body_items RBRACE
    (55) task_def -> task_modifier_opt TASK NAME LBRACKET . NUMBER RBRACKET extends_opt LBRACE task_body_items RBRACE
    (56) task_def -> task_modifier_opt TASK NAME LBRACKET . NUMBER DOTDOT NUMBER RBRACKET extends_opt SEMI
    (57) task_def -> task_modifier_opt TASK NAME LBRACKET . NUMBER RBRACKET extends_opt SEMI

    NUMBER          shift and go to state 211


state 134

    (59) extends_opt -> empty .

    LBRACE          reduce using rule 59 (extends_opt -> empty .)
    SEMI            reduce using rule 59 (extends_opt -> empty .)


state 135

    (60) extends_opt -> COLON . NAME

    NAME            shift and go to state 212


state 136

    (146) constraints_tl_block -> CONSTRAINTS LBRACE temporal_prop_list RBRACE .

    RBRACE          reduce using rule 146 (constraints_tl_block -> CONSTRAINTS LBRACE temporal_prop_list RBRACE .)
    PARAM           reduce using rule 146 (constraints_tl_block -> CONSTRAINTS LBRACE temporal_prop_list RBRACE .)
    END             reduce using rule 146 (constraints_tl_block -> CONSTRAINTS LBRACE temporal_prop_list RBRACE .)
    TIMELINES       reduce using rule 146 (constraints_tl_block -> CONSTRAINTS LBRACE temporal_prop_list RBRACE .)
    INITIAL         reduce using rule 146 (constraints_tl_block -> CONSTRAINTS LBRACE temporal_prop_list RBRACE .)
    FINAL           reduce using rule 146 (constraints_tl_block -> CONSTRAINTS LBRACE temporal_prop_list RBRACE .)
    TASKDEF         reduce using rule 146 (constraints_tl_block -> CONSTRAINTS LBRACE temporal_prop_list RBRACE .)
    CONSTRAINTS     reduce using rule 146 (constraints_tl_block -> CONSTRAINTS LBRACE temporal_prop_list RBRACE .)
    PROPERTIES      reduce using rule 146 (constraints_tl_block -> CONSTRAINTS LBRACE temporal_prop_list RBRACE .)
    OPTIONAL        reduce using rule 146 (constraints_tl_block -> CONSTRAINTS LBRACE temporal_prop_list RBRACE .)
    REQUEST         reduce using rule 146 (constraints_tl_block -> CONSTRAINTS LBRACE temporal_prop_list RBRACE .)
    TASK            reduce using rule 146 (constraints_tl_block -> CONSTRAINTS LBRACE temporal_prop_list RBRACE .)


state 137

    (150) temporal_prop_list -> temporal_prop_list temporal_prop .

    RBRACE          reduce using rule 150 (temporal_prop_list -> temporal_prop_list temporal_prop .)
    PROP            reduce using rule 150 (temporal_prop_list -> temporal_prop_list temporal_prop .)
    NOT             reduce using rule 150 (temporal_prop_list -> temporal_prop_list temporal_prop .)
    ALWAYS          reduce using rule 150 (temporal_prop_list -> temporal_prop_list temporal_prop .)
    EVENTUALLY      reduce using rule 150 (temporal_prop_list -> temporal_prop_list temporal_prop .)
    SOFAR           reduce using rule 150 (temporal_prop_list -> temporal_prop_list temporal_prop .)
    ONCE            reduce using rule 150 (temporal_prop_list -> temporal_prop_list temporal_prop .)
    LPAREN          reduce using rule 150 (temporal_prop_list -> temporal_prop_list temporal_prop .)
    NAME            reduce using rule 150 (temporal_prop_list -> temporal_prop_list temporal_prop .)
    ACTIVE          reduce using rule 150 (temporal_prop_list -> temporal_prop_list temporal_prop .)
    TRUE            reduce using rule 150 (temporal_prop_list -> temporal_prop_list temporal_prop .)
    FALSE           reduce using rule 150 (temporal_prop_list -> temporal_prop_list temporal_prop .)
    TIME            reduce using rule 150 (temporal_prop_list -> temporal_prop_list temporal_prop .)
    SEQUENCE        reduce using rule 150 (temporal_prop_list -> temporal_prop_list temporal_prop .)
    MUTEX           reduce using rule 150 (temporal_prop_list -> temporal_prop_list temporal_prop .)


state 138

    (151) temporal_prop -> PROP NAME . COLON tl_formula SEMI

    COLON           shift and go to state 213


state 139

    (171) tl_atom -> NAME cmp_op . NUMBER

    NUMBER          shift and go to state 214


state 140

    (172) tl_atom -> NAME EQ . NAME
    (173) tl_atom -> NAME EQ . TRUE
    (174) tl_atom -> NAME EQ . FALSE
    (195) cmp_op -> EQ .

    NAME            shift and go to state 215
    TRUE            shift and go to state 216
    FALSE           shift and go to state 217
    NUMBER          reduce using rule 195 (cmp_op -> EQ .)


state 141

    (181) tl_atom -> NAME DOT . START_KW cmp_op NUMBER
    (182) tl_atom -> NAME DOT . END cmp_op NUMBER
    (183) tl_atom -> NAME DOT . START_KW cmp_op NAME DOT START_KW
    (184) tl_atom -> NAME DOT . START_KW cmp_op NAME DOT END
    (185) tl_atom -> NAME DOT . END cmp_op NAME DOT START_KW
    (186) tl_atom -> NAME DOT . END cmp_op NAME DOT END

    START_KW        shift and go to state 218
    END             shift and go to state 219


state 142

    (193) cmp_op -> LT .

    NUMBER          reduce using rule 193 (cmp_op -> LT .)
    NAME            reduce using rule 193 (cmp_op -> LT .)


state 143

    (194) cmp_op -> LE .

    NUMBER          reduce using rule 194 (cmp_op -> LE .)
    NAME            reduce using rule 194 (cmp_op -> LE .)


state 144

    (196) cmp_op -> GE .

    NUMBER          reduce using rule 196 (cmp_op -> GE .)
    NAME            reduce using rule 196 (cmp_op -> GE .)


state 145

    (197) cmp_op -> GT .

    NUMBER          reduce using rule 197 (cmp_op -> GT .)
    NAME            reduce using rule 197 (cmp_op -> GT .)


state 146

    (152) temporal_prop -> tl_formula SEMI .

    RBRACE          reduce using rule 152 (temporal_prop -> tl_formula SEMI .)
    PROP            reduce using rule 152 (temporal_prop -> tl_formula SEMI .)
    NOT             reduce using rule 152 (temporal_prop -> tl_formula SEMI .)
    ALWAYS          reduce using rule 152 (temporal_prop -> tl_formula SEMI .)
    EVENTUALLY      reduce using rule 152 (temporal_prop -> tl_formula SEMI .)
    SOFAR           reduce using rule 152 (temporal_prop -> tl_formula SEMI .)
    ONCE            reduce using rule 152 (temporal_prop -> tl_formula SEMI .)
    LPAREN          reduce using rule 152 (temporal_prop -> tl_formula SEMI .)
    NAME            reduce using rule 152 (temporal_prop -> tl_formula SEMI .)
    ACTIVE          reduce using rule 152 (temporal_prop -> tl_formula SEMI .)
    TRUE            reduce using rule 152 (temporal_prop -> tl_formula SEMI .)
    FALSE           reduce using rule 152 (temporal_prop -> tl_formula SEMI .)
    TIME            reduce using rule 152 (temporal_prop -> tl_formula SEMI .)
    SEQUENCE        reduce using rule 152 (temporal_prop -> tl_formula SEMI .)
    MUTEX           reduce using rule 152 (temporal_prop -> tl_formula SEMI .)


state 147

    (155) tl_imp -> tl_or IMPLIES . tl_imp
    (154) tl_imp -> . tl_or
    (155) tl_imp -> . tl_or IMPLIES tl_imp
    (156) tl_imp -> . tl_or IMPLIES_KW tl_imp
    (157) tl_or -> . tl_and
    (158) tl_or -> . tl_or OR tl_and
    (159) tl_and -> . tl_u
    (160) tl_and -> . tl_and AND tl_u
    (161) tl_u -> . tl_unary
    (162) tl_u -> . tl_unary UNTIL tl_unary
    (163) tl_u -> . tl_unary SINCE tl_unary
    (164) tl_unary -> . NOT tl_unary
    (165) tl_unary -> . ALWAYS tl_unary
    (166) tl_unary -> . EVENTUALLY tl_unary
    (167) tl_unary -> . SOFAR tl_unary
    (168) tl_unary -> . ONCE tl_unary
    (169) tl_unary -> . LPAREN tl_formula RPAREN
    (170) tl_unary -> . tl_atom
    (171) tl_atom -> . NAME cmp_op NUMBER
    (172) tl_atom -> . NAME EQ NAME
    (173) tl_atom -> . NAME EQ TRUE
    (174) tl_atom -> . NAME EQ FALSE
    (175) tl_atom -> . ACTIVE LPAREN NAME RPAREN
    (176) tl_atom -> . TRUE
    (177) tl_atom -> . FALSE
    (178) tl_atom -> . TIME cmp_op NUMBER
    (179) tl_atom -> . TIME cmp_op NAME DOT START_KW
    (180) tl_atom -> . TIME cmp_op NAME DOT END
    (181) tl_atom -> . NAME DOT START_KW cmp_op NUMBER
    (182) tl_atom -> . NAME DOT END cmp_op NUMBER
    (183) tl_atom -> . NAME DOT START_KW cmp_op NAME DOT START_KW
    (184) tl_atom -> . NAME DOT START_KW cmp_op NAME DOT END
    (185) tl_atom -> . NAME DOT END cmp_op NAME DOT START_KW
    (186) tl_atom -> . NAME DOT END cmp_op NAME DOT END
    (187) tl_atom -> . SEQUENCE LBRACKET task_name_list RBRACKET
    (188) tl_atom -> . MUTEX LBRACKET task_name_list RBRACKET
    (189) tl_atom -> . MUTEX CROSS LBRACKET task_name_list RBRACKET
    (190) tl_atom -> . MUTEX LBRACKET task_name_list RBRACKET WITH LBRACKET task_name_list RBRACKET

    NOT             shift and go to state 64
    ALWAYS          shift and go to state 65
    EVENTUALLY      shift and go to state 66
    SOFAR           shift and go to state 67
    ONCE            shift and go to state 68
    LPAREN          shift and go to state 69
    NAME            shift and go to state 57
    ACTIVE          shift and go to state 73
    TRUE            shift and go to state 71
    FALSE           shift and go to state 72
    TIME            shift and go to state 74
    SEQUENCE        shift and go to state 75
    MUTEX           shift and go to state 76

    tl_or                          shift and go to state 60
    tl_imp                         shift and go to state 220
    tl_and                         shift and go to state 61
    tl_u                           shift and go to state 62
    tl_unary                       shift and go to state 63
    tl_atom                        shift and go to state 70

state 148

    (156) tl_imp -> tl_or IMPLIES_KW . tl_imp
    (154) tl_imp -> . tl_or
    (155) tl_imp -> . tl_or IMPLIES tl_imp
    (156) tl_imp -> . tl_or IMPLIES_KW tl_imp
    (157) tl_or -> . tl_and
    (158) tl_or -> . tl_or OR tl_and
    (159) tl_and -> . tl_u
    (160) tl_and -> . tl_and AND tl_u
    (161) tl_u -> . tl_unary
    (162) tl_u -> . tl_unary UNTIL tl_unary
    (163) tl_u -> . tl_unary SINCE tl_unary
    (164) tl_unary -> . NOT tl_unary
    (165) tl_unary -> . ALWAYS tl_unary
    (166) tl_unary -> . EVENTUALLY tl_unary
    (167) tl_unary -> . SOFAR tl_unary
    (168) tl_unary -> . ONCE tl_unary
    (169) tl_unary -> . LPAREN tl_formula RPAREN
    (170) tl_unary -> . tl_atom
    (171) tl_atom -> . NAME cmp_op NUMBER
    (172) tl_atom -> . NAME EQ NAME
    (173) tl_atom -> . NAME EQ TRUE
    (174) tl_atom -> . NAME EQ FALSE
    (175) tl_atom -> . ACTIVE LPAREN NAME RPAREN
    (176) tl_atom -> . TRUE
    (177) tl_atom -> . FALSE
    (178) tl_atom -> . TIME cmp_op NUMBER
    (179) tl_atom -> . TIME cmp_op NAME DOT START_KW
    (180) tl_atom -> . TIME cmp_op NAME DOT END
    (181) tl_atom -> . NAME DOT START_KW cmp_op NUMBER
    (182) tl_atom -> . NAME DOT END cmp_op NUMBER
    (183) tl_atom -> . NAME DOT START_KW cmp_op NAME DOT START_KW
    (184) tl_atom -> . NAME DOT START_KW cmp_op NAME DOT END
    (185) tl_atom -> . NAME DOT END cmp_op NAME DOT START_KW
    (186) tl_atom -> . NAME DOT END cmp_op NAME DOT END
    (187) tl_atom -> . SEQUENCE LBRACKET task_name_list RBRACKET
    (188) tl_atom -> . MUTEX LBRACKET task_name_list RBRACKET
    (189) tl_atom -> . MUTEX CROSS LBRACKET task_name_list RBRACKET
    (190) tl_atom -> . MUTEX LBRACKET task_name_list RBRACKET WITH LBRACKET task_name_list RBRACKET

    NOT             shift and go to state 64
    ALWAYS          shift and go to state 65
    EVENTUALLY      shift and go to state 66
    SOFAR           shift and go to state 67
    ONCE            shift and go to state 68
    LPAREN          shift and go to state 69
    NAME            shift and go to state 57
    ACTIVE          shift and go to state 73
    TRUE            shift and go to state 71
    FALSE           shift and go to state 72
    TIME            shift and go to state 74
    SEQUENCE        shift and go to state 75
    MUTEX           shift and go to state 76

    tl_or                          shift and go to state 60
    tl_imp                         shift and go to state 221
    tl_and                         shift and go to state 61
    tl_u                           shift and go to state 62
    tl_unary                       shift and go to state 63
    tl_atom                        shift and go to state 70

state 149

    (158) tl_or -> tl_or OR . tl_and
    (159) tl_and -> . tl_u
    (160) tl_and -> . tl_and AND tl_u
    (161) tl_u -> . tl_unary
    (162) tl_u -> . tl_unary UNTIL tl_unary
    (163) tl_u -> . tl_unary SINCE tl_unary
    (164) tl_unary -> . NOT tl_unary
    (165) tl_unary -> . ALWAYS tl_unary
    (166) tl_unary -> . EVENTUALLY tl_unary
    (167) tl_unary -> . SOFAR tl_unary
    (168) tl_unary -> . ONCE tl_unary
    (169) tl_unary -> . LPAREN tl_formula RPAREN
    (170) tl_unary -> . tl_atom
    (171) tl_atom -> . NAME cmp_op NUMBER
    (172) tl_atom -> . NAME EQ NAME
    (173) tl_atom -> . NAME EQ TRUE
    (174) tl_atom -> . NAME EQ FALSE
    (175) tl_atom -> . ACTIVE LPAREN NAME RPAREN
    (176) tl_atom -> . TRUE
    (177) tl_atom -> . FALSE
    (178) tl_atom -> . TIME cmp_op NUMBER
    (179) tl_atom -> . TIME cmp_op NAME DOT START_KW
    (180) tl_atom -> . TIME cmp_op NAME DOT END
    (181) tl_atom -> . NAME DOT START_KW cmp_op NUMBER
    (182) tl_atom -> . NAME DOT END cmp_op NUMBER
    (183) tl_atom -> . NAME DOT START_KW cmp_op NAME DOT START_KW
    (184) tl_atom -> . NAME DOT START_KW cmp_op NAME DOT END
    (185) tl_atom -> . NAME DOT END cmp_op NAME DOT START_KW
    (186) tl_atom -> . NAME DOT END cmp_op NAME DOT END
    (187) tl_atom -> . SEQUENCE LBRACKET task_name_list RBRACKET
    (188) tl_atom -> . MUTEX LBRACKET task_name_list RBRACKET
    (189) tl_atom -> . MUTEX CROSS LBRACKET task_name_list RBRACKET
    (190) tl_atom -> . MUTEX LBRACKET task_name_list RBRACKET WITH LBRACKET task_name_list RBRACKET

    NOT             shift and go to state 64
    ALWAYS          shift and go to state 65
    EVENTUALLY      shift and go to state 66
    SOFAR           shift and go to state 67
    ONCE            shift and go to state 68
    LPAREN          shift and go to state 69
    NAME            shift and go to state 57
    ACTIVE          shift and go to state 73
    TRUE            shift and go to state 71
    FALSE           shift and go to state 72
    TIME            shift and go to state 74
    SEQUENCE        shift and go to state 75
    MUTEX           shift and go to state 76

    tl_and                         shift and go to state 222
    tl_u                           shift and go to state 62
    tl_unary                       shift and go to state 63
    tl_atom                        shift and go to state 70

state 150

    (160) tl_and -> tl_and AND . tl_u
    (161) tl_u -> . tl_unary
    (162) tl_u -> . tl_unary UNTIL tl_unary
    (163) tl_u -> . tl_unary SINCE tl_unary
    (164) tl_unary -> . NOT tl_unary
    (165) tl_unary -> . ALWAYS tl_unary
    (166) tl_unary -> . EVENTUALLY tl_unary
    (167) tl_unary -> . SOFAR tl_unary
    (168) tl_unary -> . ONCE tl_unary
    (169) tl_unary -> . LPAREN tl_formula RPAREN
    (170) tl_unary -> . tl_atom
    (171) tl_atom -> . NAME cmp_op NUMBER
    (172) tl_atom -> . NAME EQ NAME
    (173) tl_atom -> . NAME EQ TRUE
    (174) tl_atom -> . NAME EQ FALSE
    (175) tl_atom -> . ACTIVE LPAREN NAME RPAREN
    (176) tl_atom -> . TRUE
    (177) tl_atom -> . FALSE
    (178) tl_atom -> . TIME cmp_op NUMBER
    (179) tl_atom -> . TIME cmp_op NAME DOT START_KW
    (180) tl_atom -> . TIME cmp_op NAME DOT END
    (181) tl_atom -> . NAME DOT START_KW cmp_op NUMBER
    (182) tl_atom -> . NAME DOT END cmp_op NUMBER
    (183) tl_atom -> . NAME DOT START_KW cmp_op NAME DOT START_KW
    (184) tl_atom -> . NAME DOT START_KW cmp_op NAME DOT END
    (185) tl_atom -> . NAME DOT END cmp_op NAME DOT START_KW
    (186) tl_atom -> . NAME DOT END cmp_op NAME DOT END
    (187) tl_atom -> . SEQUENCE LBRACKET task_name_list RBRACKET
    (188) tl_atom -> . MUTEX LBRACKET task_name_list RBRACKET
    (189) tl_atom -> . MUTEX CROSS LBRACKET task_name_list RBRACKET
    (190) tl_atom -> . MUTEX LBRACKET task_name_list RBRACKET WITH LBRACKET task_name_list RBRACKET

    NOT             shift and go to state 64
    ALWAYS          shift and go to state 65
    EVENTUALLY      shift and go to state 66
    SOFAR           shift and go to state 67
    ONCE            shift and go to state 68
    LPAREN          shift and go to state 69
    NAME            shift and go to state 57
    ACTIVE          shift and go to state 73
    TRUE            shift and go to state 71
    FALSE           shift and go to state 72
    TIME            shift and go to state 74
    SEQUENCE        shift and go to state 75
    MUTEX           shift and go to state 76

    tl_u                           shift and go to state 223
    tl_unary                       shift and go to state 63
    tl_atom                        shift and go to state 70

state 151

    (162) tl_u -> tl_unary UNTIL . tl_unary
    (164) tl_unary -> . NOT tl_unary
    (165) tl_unary -> . ALWAYS tl_unary
    (166) tl_unary -> . EVENTUALLY tl_unary
    (167) tl_unary -> . SOFAR tl_unary
    (168) tl_unary -> . ONCE tl_unary
    (169) tl_unary -> . LPAREN tl_formula RPAREN
    (170) tl_unary -> . tl_atom
    (171) tl_atom -> . NAME cmp_op NUMBER
    (172) tl_atom -> . NAME EQ NAME
    (173) tl_atom -> . NAME EQ TRUE
    (174) tl_atom -> . NAME EQ FALSE
    (175) tl_atom -> . ACTIVE LPAREN NAME RPAREN
    (176) tl_atom -> . TRUE
    (177) tl_atom -> . FALSE
    (178) tl_atom -> . TIME cmp_op NUMBER
    (179) tl_atom -> . TIME cmp_op NAME DOT START_KW
    (180) tl_atom -> . TIME cmp_op NAME DOT END
    (181) tl_atom -> . NAME DOT START_KW cmp_op NUMBER
    (182) tl_atom -> . NAME DOT END cmp_op NUMBER
    (183) tl_atom -> . NAME DOT START_KW cmp_op NAME DOT START_KW
    (184) tl_atom -> . NAME DOT START_KW cmp_op NAME DOT END
    (185) tl_atom -> . NAME DOT END cmp_op NAME DOT START_KW
    (186) tl_atom -> . NAME DOT END cmp_op NAME DOT END
    (187) tl_atom -> . SEQUENCE LBRACKET task_name_list RBRACKET
    (188) tl_atom -> . MUTEX LBRACKET task_name_list RBRACKET
    (189) tl_atom -> . MUTEX CROSS LBRACKET task_name_list RBRACKET
    (190) tl_atom -> . MUTEX LBRACKET task_name_list RBRACKET WITH LBRACKET task_name_list RBRACKET

    NOT             shift and go to state 64
    ALWAYS          shift and go to state 65
    EVENTUALLY      shift and go to state 66
    SOFAR           shift and go to state 67
    ONCE            shift and go to state 68
    LPAREN          shift and go to state 69
    NAME            shift and go to state 57
    ACTIVE          shift and go to state 73
    TRUE            shift and go to state 71
    FALSE           shift and go to state 72
    TIME            shift and go to state 74
    SEQUENCE        shift and go to state 75
    MUTEX           shift and go to state 76

    tl_unary                       shift and go to state 224
    tl_atom                        shift and go to state 70

state 152

    (163) tl_u -> tl_unary SINCE . tl_unary
    (164) tl_unary -> . NOT tl_unary
    (165) tl_unary -> . ALWAYS tl_unary
    (166) tl_unary -> . EVENTUALLY tl_unary
    (167) tl_unary -> . SOFAR tl_unary
    (168) tl_unary -> . ONCE tl_unary
    (169) tl_unary -> . LPAREN tl_formula RPAREN
    (170) tl_unary -> . tl_atom
    (171) tl_atom -> . NAME cmp_op NUMBER
    (172) tl_atom -> . NAME EQ NAME
    (173) tl_atom -> . NAME EQ TRUE
    (174) tl_atom -> . NAME EQ FALSE
    (175) tl_atom -> . ACTIVE LPAREN NAME RPAREN
    (176) tl_atom -> . TRUE
    (177) tl_atom -> . FALSE
    (178) tl_atom -> . TIME cmp_op NUMBER
    (179) tl_atom -> . TIME cmp_op NAME DOT START_KW
    (180) tl_atom -> . TIME cmp_op NAME DOT END
    (181) tl_atom -> . NAME DOT START_KW cmp_op NUMBER
    (182) tl_atom -> . NAME DOT END cmp_op NUMBER
    (183) tl_atom -> . NAME DOT START_KW cmp_op NAME DOT START_KW
    (184) tl_atom -> . NAME DOT START_KW cmp_op NAME DOT END
    (185) tl_atom -> . NAME DOT END cmp_op NAME DOT START_KW
    (186) tl_atom -> . NAME DOT END cmp_op NAME DOT END
    (187) tl_atom -> . SEQUENCE LBRACKET task_name_list RBRACKET
    (188) tl_atom -> . MUTEX LBRACKET task_name_list RBRACKET
    (189) tl_atom -> . MUTEX CROSS LBRACKET task_name_list RBRACKET
    (190) tl_atom -> . MUTEX LBRACKET task_name_list RBRACKET WITH LBRACKET task_name_list RBRACKET

    NOT             shift and go to state 64
    ALWAYS          shift and go to state 65
    EVENTUALLY      shift and go to state 66
    SOFAR           shift and go to state 67
    ONCE            shift and go to state 68
    LPAREN          shift and go to state 69
    NAME            shift and go to state 57
    ACTIVE          shift and go to state 73
    TRUE            shift and go to state 71
    FALSE           shift and go to state 72
    TIME            shift and go to state 74
    SEQUENCE        shift and go to state 75
    MUTEX           shift and go to state 76

    tl_unary                       shift and go to state 225
    tl_atom                        shift and go to state 70

state 153

    (164) tl_unary -> NOT tl_unary .

    UNTIL           reduce using rule 164 (tl_unary -> NOT tl_unary .)
    SINCE           reduce using rule 164 (tl_unary -> NOT tl_unary .)
    AND             reduce using rule 164 (tl_unary -> NOT tl_unary .)
    IMPLIES         reduce using rule 164 (tl_unary -> NOT tl_unary .)
    IMPLIES_KW      reduce using rule 164 (tl_unary -> NOT tl_unary .)
    OR              reduce using rule 164 (tl_unary -> NOT tl_unary .)
    SEMI            reduce using rule 164 (tl_unary -> NOT tl_unary .)
    RPAREN          reduce using rule 164 (tl_unary -> NOT tl_unary .)


state 154

    (165) tl_unary -> ALWAYS tl_unary .

    UNTIL           reduce using rule 165 (tl_unary -> ALWAYS tl_unary .)
    SINCE           reduce using rule 165 (tl_unary -> ALWAYS tl_unary .)
    AND             reduce using rule 165 (tl_unary -> ALWAYS tl_unary .)
    IMPLIES         reduce using rule 165 (tl_unary -> ALWAYS tl_unary .)
    IMPLIES_KW      reduce using rule 165 (tl_unary -> ALWAYS tl_unary .)
    OR              reduce using rule 165 (tl_unary -> ALWAYS tl_unary .)
    SEMI            reduce using rule 165 (tl_unary -> ALWAYS tl_unary .)
    RPAREN          reduce using rule 165 (tl_unary -> ALWAYS tl_unary .)


state 155

    (166) tl_unary -> EVENTUALLY tl_unary .

    UNTIL           reduce using rule 166 (tl_unary -> EVENTUALLY tl_unary .)
    SINCE           reduce using rule 166 (tl_unary -> EVENTUALLY tl_unary .)
    AND             reduce using rule 166 (tl_unary -> EVENTUALLY tl_unary .)
    IMPLIES         reduce using rule 166 (tl_unary -> EVENTUALLY tl_unary .)
    IMPLIES_KW      reduce using rule 166 (tl_unary -> EVENTUALLY tl_unary .)
    OR              reduce using rule 166 (tl_unary -> EVENTUALLY tl_unary .)
    SEMI            reduce using rule 166 (tl_unary -> EVENTUALLY tl_unary .)
    RPAREN          reduce using rule 166 (tl_unary -> EVENTUALLY tl_unary .)


state 156

    (167) tl_unary -> SOFAR tl_unary .

    UNTIL           reduce using rule 167 (tl_unary -> SOFAR tl_unary .)
    SINCE           reduce using rule 167 (tl_unary -> SOFAR tl_unary .)
    AND             reduce using rule 167 (tl_unary -> SOFAR tl_unary .)
    IMPLIES         reduce using rule 167 (tl_unary -> SOFAR tl_unary .)
    IMPLIES_KW      reduce using rule 167 (tl_unary -> SOFAR tl_unary .)
    OR              reduce using rule 167 (tl_unary -> SOFAR tl_unary .)
    SEMI            reduce using rule 167 (tl_unary -> SOFAR tl_unary .)
    RPAREN          reduce using rule 167 (tl_unary -> SOFAR tl_unary .)


state 157

    (168) tl_unary -> ONCE tl_unary .

    UNTIL           reduce using rule 168 (tl_unary -> ONCE tl_unary .)
    SINCE           reduce using rule 168 (tl_unary -> ONCE tl_unary .)
    AND             reduce using rule 168 (tl_unary -> ONCE tl_unary .)
    IMPLIES         reduce using rule 168 (tl_unary -> ONCE tl_unary .)
    IMPLIES_KW      reduce using rule 168 (tl_unary -> ONCE tl_unary .)
    OR              reduce using rule 168 (tl_unary -> ONCE tl_unary .)
    SEMI            reduce using rule 168 (tl_unary -> ONCE tl_unary .)
    RPAREN          reduce using rule 168 (tl_unary -> ONCE tl_unary .)


state 158

    (169) tl_unary -> LPAREN tl_formula . RPAREN

    RPAREN          shift and go to state 226


state 159

    (175) tl_atom -> ACTIVE LPAREN . NAME RPAREN

    NAME            shift and go to state 227


state 160

    (178) tl_atom -> TIME cmp_op . NUMBER
    (179) tl_atom -> TIME cmp_op . NAME DOT START_KW
    (180) tl_atom -> TIME cmp_op . NAME DOT END

    NUMBER          shift and go to state 228
    NAME            shift and go to state 229


state 161

    (195) cmp_op -> EQ .

    NUMBER          reduce using rule 195 (cmp_op -> EQ .)
    NAME            reduce using rule 195 (cmp_op -> EQ .)


state 162

    (187) tl_atom -> SEQUENCE LBRACKET . task_name_list RBRACKET
    (191) task_name_list -> . NAME
    (192) task_name_list -> . task_name_list COMMA NAME

    NAME            shift and go to state 231

    task_name_list                 shift and go to state 230

state 163

    (188) tl_atom -> MUTEX LBRACKET . task_name_list RBRACKET
    (190) tl_atom -> MUTEX LBRACKET . task_name_list RBRACKET WITH LBRACKET task_name_list RBRACKET
    (191) task_name_list -> . NAME
    (192) task_name_list -> . task_name_list COMMA NAME

    NAME            shift and go to state 231

    task_name_list                 shift and go to state 232

state 164

    (189) tl_atom -> MUTEX CROSS . LBRACKET task_name_list RBRACKET

    LBRACKET        shift and go to state 233


state 165

    (147) properties_block -> PROPERTIES LBRACE temporal_prop_list RBRACE .

    RBRACE          reduce using rule 147 (properties_block -> PROPERTIES LBRACE temporal_prop_list RBRACE .)
    PARAM           reduce using rule 147 (properties_block -> PROPERTIES LBRACE temporal_prop_list RBRACE .)
    END             reduce using rule 147 (properties_block -> PROPERTIES LBRACE temporal_prop_list RBRACE .)
    TIMELINES       reduce using rule 147 (properties_block -> PROPERTIES LBRACE temporal_prop_list RBRACE .)
    INITIAL         reduce using rule 147 (properties_block -> PROPERTIES LBRACE temporal_prop_list RBRACE .)
    FINAL           reduce using rule 147 (properties_block -> PROPERTIES LBRACE temporal_prop_list RBRACE .)
    TASKDEF         reduce using rule 147 (properties_block -> PROPERTIES LBRACE temporal_prop_list RBRACE .)
    CONSTRAINTS     reduce using rule 147 (properties_block -> PROPERTIES LBRACE temporal_prop_list RBRACE .)
    PROPERTIES      reduce using rule 147 (properties_block -> PROPERTIES LBRACE temporal_prop_list RBRACE .)
    OPTIONAL        reduce using rule 147 (properties_block -> PROPERTIES LBRACE temporal_prop_list RBRACE .)
    REQUEST         reduce using rule 147 (properties_block -> PROPERTIES LBRACE temporal_prop_list RBRACE .)
    TASK            reduce using rule 147 (properties_block -> PROPERTIES LBRACE temporal_prop_list RBRACE .)


state 166

    (13) tasknet_body_item -> PARAM NAME EQ param_value SEMI .

    RBRACE          reduce using rule 13 (tasknet_body_item -> PARAM NAME EQ param_value SEMI .)
    PARAM           reduce using rule 13 (tasknet_body_item -> PARAM NAME EQ param_value SEMI .)
    END             reduce using rule 13 (tasknet_body_item -> PARAM NAME EQ param_value SEMI .)
    TIMELINES       reduce using rule 13 (tasknet_body_item -> PARAM NAME EQ param_value SEMI .)
    INITIAL         reduce using rule 13 (tasknet_body_item -> PARAM NAME EQ param_value SEMI .)
    FINAL           reduce using rule 13 (tasknet_body_item -> PARAM NAME EQ param_value SEMI .)
    TASKDEF         reduce using rule 13 (tasknet_body_item -> PARAM NAME EQ param_value SEMI .)
    CONSTRAINTS     reduce using rule 13 (tasknet_body_item -> PARAM NAME EQ param_value SEMI .)
    PROPERTIES      reduce using rule 13 (tasknet_body_item -> PARAM NAME EQ param_value SEMI .)
    OPTIONAL        reduce using rule 13 (tasknet_body_item -> PARAM NAME EQ param_value SEMI .)
    REQUEST         reduce using rule 13 (tasknet_body_item -> PARAM NAME EQ param_value SEMI .)
    TASK            reduce using rule 13 (tasknet_body_item -> PARAM NAME EQ param_value SEMI .)


state 167

    (209) param_value -> LBRACKET NUMBER . COMMA NUMBER RBRACKET

    COMMA           shift and go to state 234


state 168

    (19) timeline_decl -> NAME COLON timeline_kind . SEMI

    SEMI            shift and go to state 235


state 169

    (20) timeline_kind -> STATE . LPAREN state_list RPAREN EQ NAME
    (21) timeline_kind -> STATE . LPAREN state_list RPAREN EQ NUMBER

    LPAREN          shift and go to state 236


state 170

    (26) timeline_kind -> ATOMIC . init_int_opt
    (40) init_int_opt -> . empty
    (41) init_int_opt -> . EQ NUMBER
    (1) empty -> .

    EQ              shift and go to state 239
    SEMI            reduce using rule 1 (empty -> .)

    init_int_opt                   shift and go to state 237
    empty                          shift and go to state 238

state 171

    (42) timeline_kind -> claim_kw . range_opt init_opt
    (32) range_opt -> . empty
    (33) range_opt -> . range
    (1) empty -> .
    (31) range -> . LBRACKET NUMBER COMMA NUMBER RBRACKET

    EQ              reduce using rule 1 (empty -> .)
    SEMI            reduce using rule 1 (empty -> .)
    LBRACKET        shift and go to state 183

    range_opt                      shift and go to state 240
    empty                          shift and go to state 241
    range                          shift and go to state 242

state 172

    (43) timeline_kind -> cumul_kw . range_opt bounds_opt init_opt
    (32) range_opt -> . empty
    (33) range_opt -> . range
    (1) empty -> .
    (31) range -> . LBRACKET NUMBER COMMA NUMBER RBRACKET

    BOUNDS          reduce using rule 1 (empty -> .)
    EQ              reduce using rule 1 (empty -> .)
    SEMI            reduce using rule 1 (empty -> .)
    LBRACKET        shift and go to state 183

    range_opt                      shift and go to state 243
    empty                          shift and go to state 241
    range                          shift and go to state 242

state 173

    (44) timeline_kind -> RATE . range_opt bounds_opt init_opt initial_rate_opt
    (32) range_opt -> . empty
    (33) range_opt -> . range
    (1) empty -> .
    (31) range -> . LBRACKET NUMBER COMMA NUMBER RBRACKET

    BOUNDS          reduce using rule 1 (empty -> .)
    EQ              reduce using rule 1 (empty -> .)
    INITIAL_RATE    reduce using rule 1 (empty -> .)
    SEMI            reduce using rule 1 (empty -> .)
    LBRACKET        shift and go to state 183

    range_opt                      shift and go to state 244
    empty                          shift and go to state 241
    range                          shift and go to state 242

state 174

    (27) claim_kw -> CLAIM .

    LBRACKET        reduce using rule 27 (claim_kw -> CLAIM .)
    EQ              reduce using rule 27 (claim_kw -> CLAIM .)
    SEMI            reduce using rule 27 (claim_kw -> CLAIM .)


state 175

    (28) claim_kw -> CLAIMABLE .

    LBRACKET        reduce using rule 28 (claim_kw -> CLAIMABLE .)
    EQ              reduce using rule 28 (claim_kw -> CLAIMABLE .)
    SEMI            reduce using rule 28 (claim_kw -> CLAIMABLE .)


state 176

    (29) cumul_kw -> CUMUL .

    LBRACKET        reduce using rule 29 (cumul_kw -> CUMUL .)
    BOUNDS          reduce using rule 29 (cumul_kw -> CUMUL .)
    EQ              reduce using rule 29 (cumul_kw -> CUMUL .)
    SEMI            reduce using rule 29 (cumul_kw -> CUMUL .)


state 177

    (30) cumul_kw -> CUMULATIVE .

    LBRACKET        reduce using rule 30 (cumul_kw -> CUMULATIVE .)
    BOUNDS          reduce using rule 30 (cumul_kw -> CUMULATIVE .)
    EQ              reduce using rule 30 (cumul_kw -> CUMULATIVE .)
    SEMI            reduce using rule 30 (cumul_kw -> CUMULATIVE .)


state 178

    (120) tlcon_stmt -> NAME EQ value . SEMI

    SEMI            shift and go to state 245


state 179

    (121) tlcon_stmt -> NAME IN con_list . SEMI
    (123) con_list -> con_list . con_item
    (124) con_item -> . value
    (125) con_item -> . range
    (198) value -> . STRING
    (199) value -> . NUMBER
    (200) value -> . TRUE
    (201) value -> . FALSE
    (202) value -> . NAME
    (31) range -> . LBRACKET NUMBER COMMA NUMBER RBRACKET

    SEMI            shift and go to state 246
    STRING          shift and go to state 83
    NUMBER          shift and go to state 82
    TRUE            shift and go to state 84
    FALSE           shift and go to state 85
    NAME            shift and go to state 78
    LBRACKET        shift and go to state 183

    con_item                       shift and go to state 247
    value                          shift and go to state 181
    range                          shift and go to state 182

state 180

    (122) con_list -> con_item .

    SEMI            reduce using rule 122 (con_list -> con_item .)
    STRING          reduce using rule 122 (con_list -> con_item .)
    NUMBER          reduce using rule 122 (con_list -> con_item .)
    TRUE            reduce using rule 122 (con_list -> con_item .)
    FALSE           reduce using rule 122 (con_list -> con_item .)
    NAME            reduce using rule 122 (con_list -> con_item .)
    LBRACKET        reduce using rule 122 (con_list -> con_item .)


state 181

    (124) con_item -> value .

    SEMI            reduce using rule 124 (con_item -> value .)
    STRING          reduce using rule 124 (con_item -> value .)
    NUMBER          reduce using rule 124 (con_item -> value .)
    TRUE            reduce using rule 124 (con_item -> value .)
    FALSE           reduce using rule 124 (con_item -> value .)
    NAME            reduce using rule 124 (con_item -> value .)
    LBRACKET        reduce using rule 124 (con_item -> value .)


state 182

    (125) con_item -> range .

    SEMI            reduce using rule 125 (con_item -> range .)
    STRING          reduce using rule 125 (con_item -> range .)
    NUMBER          reduce using rule 125 (con_item -> range .)
    TRUE            reduce using rule 125 (con_item -> range .)
    FALSE           reduce using rule 125 (con_item -> range .)
    NAME            reduce using rule 125 (con_item -> range .)
    LBRACKET        reduce using rule 125 (con_item -> range .)


state 183

    (31) range -> LBRACKET . NUMBER COMMA NUMBER RBRACKET

    NUMBER          shift and go to state 248


state 184

    (47) final_block -> FINAL WITHIN INITIAL LBRACE tlcon_list . RBRACE
    (119) tlcon_list -> tlcon_list . tlcon_stmt
    (120) tlcon_stmt -> . NAME EQ value SEMI
    (121) tlcon_stmt -> . NAME IN con_list SEMI

    RBRACE          shift and go to state 249
    NAME            shift and go to state 48

    tlcon_stmt                     shift and go to state 91

state 185

    (49) task_def -> TASKDEF NAME LBRACE task_body_items RBRACE .

    RBRACE          reduce using rule 49 (task_def -> TASKDEF NAME LBRACE task_body_items RBRACE .)
    PARAM           reduce using rule 49 (task_def -> TASKDEF NAME LBRACE task_body_items RBRACE .)
    END             reduce using rule 49 (task_def -> TASKDEF NAME LBRACE task_body_items RBRACE .)
    TIMELINES       reduce using rule 49 (task_def -> TASKDEF NAME LBRACE task_body_items RBRACE .)
    INITIAL         reduce using rule 49 (task_def -> TASKDEF NAME LBRACE task_body_items RBRACE .)
    FINAL           reduce using rule 49 (task_def -> TASKDEF NAME LBRACE task_body_items RBRACE .)
    TASKDEF         reduce using rule 49 (task_def -> TASKDEF NAME LBRACE task_body_items RBRACE .)
    CONSTRAINTS     reduce using rule 49 (task_def -> TASKDEF NAME LBRACE task_body_items RBRACE .)
    PROPERTIES      reduce using rule 49 (task_def -> TASKDEF NAME LBRACE task_body_items RBRACE .)
    OPTIONAL        reduce using rule 49 (task_def -> TASKDEF NAME LBRACE task_body_items RBRACE .)
    REQUEST         reduce using rule 49 (task_def -> TASKDEF NAME LBRACE task_body_items RBRACE .)
    TASK            reduce using rule 49 (task_def -> TASKDEF NAME LBRACE task_body_items RBRACE .)
    ID_KW           reduce using rule 49 (task_def -> TASKDEF NAME LBRACE task_body_items RBRACE .)
    PRIORITY        reduce using rule 49 (task_def -> TASKDEF NAME LBRACE task_body_items RBRACE .)
    START_RANGE     reduce using rule 49 (task_def -> TASKDEF NAME LBRACE task_body_items RBRACE .)
    END_RANGE       reduce using rule 49 (task_def -> TASKDEF NAME LBRACE task_body_items RBRACE .)
    DURATION_RANGE  reduce using rule 49 (task_def -> TASKDEF NAME LBRACE task_body_items RBRACE .)
    DURATION        reduce using rule 49 (task_def -> TASKDEF NAME LBRACE task_body_items RBRACE .)
    START_KW        reduce using rule 49 (task_def -> TASKDEF NAME LBRACE task_body_items RBRACE .)
    AFTER           reduce using rule 49 (task_def -> TASKDEF NAME LBRACE task_body_items RBRACE .)
    CONTAINEDIN     reduce using rule 49 (task_def -> TASKDEF NAME LBRACE task_body_items RBRACE .)
    PRE             reduce using rule 49 (task_def -> TASKDEF NAME LBRACE task_body_items RBRACE .)
    INV             reduce using rule 49 (task_def -> TASKDEF NAME LBRACE task_body_items RBRACE .)
    POST            reduce using rule 49 (task_def -> TASKDEF NAME LBRACE task_body_items RBRACE .)
    IMPACTS         reduce using rule 49 (task_def -> TASKDEF NAME LBRACE task_body_items RBRACE .)


state 186

    (63) task_body_items -> task_body_items task_body_item .

    RBRACE          reduce using rule 63 (task_body_items -> task_body_items task_body_item .)
    ID_KW           reduce using rule 63 (task_body_items -> task_body_items task_body_item .)
    PRIORITY        reduce using rule 63 (task_body_items -> task_body_items task_body_item .)
    START_RANGE     reduce using rule 63 (task_body_items -> task_body_items task_body_item .)
    END_RANGE       reduce using rule 63 (task_body_items -> task_body_items task_body_item .)
    DURATION_RANGE  reduce using rule 63 (task_body_items -> task_body_items task_body_item .)
    DURATION        reduce using rule 63 (task_body_items -> task_body_items task_body_item .)
    START_KW        reduce using rule 63 (task_body_items -> task_body_items task_body_item .)
    AFTER           reduce using rule 63 (task_body_items -> task_body_items task_body_item .)
    CONTAINEDIN     reduce using rule 63 (task_body_items -> task_body_items task_body_item .)
    PARAM           reduce using rule 63 (task_body_items -> task_body_items task_body_item .)
    CONSTRAINTS     reduce using rule 63 (task_body_items -> task_body_items task_body_item .)
    PRE             reduce using rule 63 (task_body_items -> task_body_items task_body_item .)
    INV             reduce using rule 63 (task_body_items -> task_body_items task_body_item .)
    POST            reduce using rule 63 (task_body_items -> task_body_items task_body_item .)
    TASKDEF         reduce using rule 63 (task_body_items -> task_body_items task_body_item .)
    IMPACTS         reduce using rule 63 (task_body_items -> task_body_items task_body_item .)
    OPTIONAL        reduce using rule 63 (task_body_items -> task_body_items task_body_item .)
    REQUEST         reduce using rule 63 (task_body_items -> task_body_items task_body_item .)
    TASK            reduce using rule 63 (task_body_items -> task_body_items task_body_item .)


state 187

    (87) task_start_opt -> empty .
    (127) task_impacts -> empty .
    (52) task_modifier_opt -> empty .

  ! reduce/reduce conflict for RBRACE resolved using rule 87 (task_start_opt -> empty .)
  ! reduce/reduce conflict for ID_KW resolved using rule 87 (task_start_opt -> empty .)
  ! reduce/reduce conflict for PRIORITY resolved using rule 87 (task_start_opt -> empty .)
  ! reduce/reduce conflict for START_RANGE resolved using rule 87 (task_start_opt -> empty .)
  ! reduce/reduce conflict for END_RANGE resolved using rule 87 (task_start_opt -> empty .)
  ! reduce/reduce conflict for DURATION_RANGE resolved using rule 87 (task_start_opt -> empty .)
  ! reduce/reduce conflict for DURATION resolved using rule 87 (task_start_opt -> empty .)
  ! reduce/reduce conflict for START_KW resolved using rule 87 (task_start_opt -> empty .)
  ! reduce/reduce conflict for AFTER resolved using rule 87 (task_start_opt -> empty .)
  ! reduce/reduce conflict for CONTAINEDIN resolved using rule 87 (task_start_opt -> empty .)
  ! reduce/reduce conflict for PARAM resolved using rule 87 (task_start_opt -> empty .)
  ! reduce/reduce conflict for CONSTRAINTS resolved using rule 87 (task_start_opt -> empty .)
  ! reduce/reduce conflict for PRE resolved using rule 87 (task_start_opt -> empty .)
  ! reduce/reduce conflict for INV resolved using rule 87 (task_start_opt -> empty .)
  ! reduce/reduce conflict for POST resolved using rule 87 (task_start_opt -> empty .)
  ! reduce/reduce conflict for TASKDEF resolved using rule 87 (task_start_opt -> empty .)
  ! reduce/reduce conflict for IMPACTS resolved using rule 87 (task_start_opt -> empty .)
  ! reduce/reduce conflict for OPTIONAL resolved using rule 87 (task_start_opt -> empty .)
  ! reduce/reduce conflict for REQUEST resolved using rule 87 (task_start_opt -> empty .)
  ! reduce/reduce conflict for TASK resolved using rule 87 (task_start_opt -> empty .)
  ! reduce/reduce conflict for TASK resolved using rule 52 (task_modifier_opt -> empty .)
    RBRACE          reduce using rule 87 (task_start_opt -> empty .)
    ID_KW           reduce using rule 87 (task_start_opt -> empty .)
    PRIORITY        reduce using rule 87 (task_start_opt -> empty .)
    START_RANGE     reduce using rule 87 (task_start_opt -> empty .)
    END_RANGE       reduce using rule 87 (task_start_opt -> empty .)
    DURATION_RANGE  reduce using rule 87 (task_start_opt -> empty .)
    DURATION        reduce using rule 87 (task_start_opt -> empty .)
    START_KW        reduce using rule 87 (task_start_opt -> empty .)
    AFTER           reduce using rule 87 (task_start_opt -> empty .)
    CONTAINEDIN     reduce using rule 87 (task_start_opt -> empty .)
    PARAM           reduce using rule 87 (task_start_opt -> empty .)
    CONSTRAINTS     reduce using rule 87 (task_start_opt -> empty .)
    PRE             reduce using rule 87 (task_start_opt -> empty .)
    INV             reduce using rule 87 (task_start_opt -> empty .)
    POST            reduce using rule 87 (task_start_opt -> empty .)
    TASKDEF         reduce using rule 87 (task_start_opt -> empty .)
    IMPACTS         reduce using rule 87 (task_start_opt -> empty .)
    OPTIONAL        reduce using rule 87 (task_start_opt -> empty .)
    REQUEST         reduce using rule 87 (task_start_opt -> empty .)
    TASK            reduce using rule 52 (task_modifier_opt -> empty .)

  ! TASK            [ reduce using rule 87 (task_start_opt -> empty .) ]
  ! RBRACE          [ reduce using rule 127 (task_impacts -> empty .) ]
  ! ID_KW           [ reduce using rule 127 (task_impacts -> empty .) ]
  ! PRIORITY        [ reduce using rule 127 (task_impacts -> empty .) ]
  ! START_RANGE     [ reduce using rule 127 (task_impacts -> empty .) ]
  ! END_RANGE       [ reduce using rule 127 (task_impacts -> empty .) ]
  ! DURATION_RANGE  [ reduce using rule 127 (task_impacts -> empty .) ]
  ! DURATION        [ reduce using rule 127 (task_impacts -> empty .) ]
  ! START_KW        [ reduce using rule 127 (task_impacts -> empty .) ]
  ! AFTER           [ reduce using rule 127 (task_impacts -> empty .) ]
  ! CONTAINEDIN     [ reduce using rule 127 (task_impacts -> empty .) ]
  ! PARAM           [ reduce using rule 127 (task_impacts -> empty .) ]
  ! CONSTRAINTS     [ reduce using rule 127 (task_impacts -> empty .) ]
  ! PRE             [ reduce using rule 127 (task_impacts -> empty .) ]
  ! INV             [ reduce using rule 127 (task_impacts -> empty .) ]
  ! POST            [ reduce using rule 127 (task_impacts -> empty .) ]
  ! TASKDEF         [ reduce using rule 127 (task_impacts -> empty .) ]
  ! IMPACTS         [ reduce using rule 127 (task_impacts -> empty .) ]
  ! OPTIONAL        [ reduce using rule 127 (task_impacts -> empty .) ]
  ! REQUEST         [ reduce using rule 127 (task_impacts -> empty .) ]
  ! TASK            [ reduce using rule 127 (task_impacts -> empty .) ]


state 188

    (80) task_id -> ID_KW NUMBER . SEMI

    SEMI            shift and go to state 250


state 189

    (81) task_priority -> PRIORITY NUMBER . SEMI

    SEMI            shift and go to state 251


state 190

    (82) task_start_range -> START_RANGE range . SEMI

    SEMI            shift and go to state 252


state 191

    (83) task_end_range -> END_RANGE range . SEMI

    SEMI            shift and go to state 253


state 192

    (84) task_duration_range -> DURATION_RANGE range . SEMI

    SEMI            shift and go to state 254


state 193

    (85) task_duration -> DURATION value . SEMI

    SEMI            shift and go to state 255


state 194

    (86) task_start_opt -> START_KW NUMBER . SEMI

    SEMI            shift and go to state 256


state 195

    (88) task_after -> AFTER after_list . SEMI
    (91) after_list -> after_list . COMMA after_item

    SEMI            shift and go to state 257
    COMMA           shift and go to state 258


state 196

    (89) after_list -> empty .

    SEMI            reduce using rule 89 (after_list -> empty .)
    COMMA           reduce using rule 89 (after_list -> empty .)


state 197

    (90) after_list -> after_item .

    SEMI            reduce using rule 90 (after_list -> after_item .)
    COMMA           reduce using rule 90 (after_list -> after_item .)


state 198

    (92) after_item -> NAME .
    (93) after_item -> NAME . LBRACKET NUMBER COMMA NUMBER RBRACKET
    (94) after_item -> NAME . NUMBER

    SEMI            reduce using rule 92 (after_item -> NAME .)
    COMMA           reduce using rule 92 (after_item -> NAME .)
    LBRACKET        shift and go to state 259
    NUMBER          shift and go to state 260


state 199

    (95) task_containedin -> CONTAINEDIN containedin_list . SEMI
    (98) containedin_list -> containedin_list . COMMA containedin_item

    SEMI            shift and go to state 261
    COMMA           shift and go to state 262


state 200

    (96) containedin_list -> empty .

    SEMI            reduce using rule 96 (containedin_list -> empty .)
    COMMA           reduce using rule 96 (containedin_list -> empty .)


state 201

    (97) containedin_list -> containedin_item .

    SEMI            reduce using rule 97 (containedin_list -> containedin_item .)
    COMMA           reduce using rule 97 (containedin_list -> containedin_item .)


state 202

    (99) containedin_item -> NAME .
    (100) containedin_item -> NAME . offset offset
    (101) containedin_item -> NAME . NUMBER
    (102) offset -> . LBRACKET NUMBER COMMA NUMBER RBRACKET
    (103) offset -> . NUMBER

    SEMI            reduce using rule 99 (containedin_item -> NAME .)
    COMMA           reduce using rule 99 (containedin_item -> NAME .)
    NUMBER          shift and go to state 264
    LBRACKET        shift and go to state 265

    offset                         shift and go to state 263

state 203

    (203) param_block -> PARAM LBRACE . param_decl_list RBRACE
    (204) param_decl_list -> . empty
    (205) param_decl_list -> . param_decl
    (206) param_decl_list -> . param_decl_list param_decl
    (1) empty -> .
    (207) param_decl -> . NAME EQ param_value SEMI

  ! shift/reduce conflict for NAME resolved as shift
    RBRACE          reduce using rule 1 (empty -> .)
    NAME            shift and go to state 269

  ! NAME            [ reduce using rule 1 (empty -> .) ]

    param_decl_list                shift and go to state 266
    empty                          shift and go to state 267
    param_decl                     shift and go to state 268

state 204

    (107) constraints_block -> CONSTRAINTS LBRACE . constraints_items RBRACE
    (108) constraints_items -> . empty
    (109) constraints_items -> . constraints_item
    (110) constraints_items -> . constraints_items constraints_item
    (1) empty -> .
    (111) constraints_item -> . pre_block
    (112) constraints_item -> . inv_block
    (113) constraints_item -> . post_block
    (114) pre_block -> . PRE LBRACE tlcon_list RBRACE
    (115) inv_block -> . INV LBRACE tlcon_list RBRACE
    (116) post_block -> . POST LBRACE tlcon_list RBRACE

  ! shift/reduce conflict for PRE resolved as shift
  ! shift/reduce conflict for INV resolved as shift
  ! shift/reduce conflict for POST resolved as shift
    RBRACE          reduce using rule 1 (empty -> .)
    PRE             shift and go to state 127
    INV             shift and go to state 128
    POST            shift and go to state 129

  ! PRE             [ reduce using rule 1 (empty -> .) ]
  ! INV             [ reduce using rule 1 (empty -> .) ]
  ! POST            [ reduce using rule 1 (empty -> .) ]

    constraints_items              shift and go to state 270
    empty                          shift and go to state 271
    constraints_item               shift and go to state 272
    pre_block                      shift and go to state 273
    inv_block                      shift and go to state 274
    post_block                     shift and go to state 275

state 205

    (114) pre_block -> PRE LBRACE . tlcon_list RBRACE
    (117) tlcon_list -> . empty
    (118) tlcon_list -> . tlcon_stmt
    (119) tlcon_list -> . tlcon_list tlcon_stmt
    (1) empty -> .
    (120) tlcon_stmt -> . NAME EQ value SEMI
    (121) tlcon_stmt -> . NAME IN con_list SEMI

  ! shift/reduce conflict for NAME resolved as shift
    RBRACE          reduce using rule 1 (empty -> .)
    NAME            shift and go to state 48

  ! NAME            [ reduce using rule 1 (empty -> .) ]

    tlcon_list                     shift and go to state 276
    empty                          shift and go to state 46
    tlcon_stmt                     shift and go to state 47

state 206

    (115) inv_block -> INV LBRACE . tlcon_list RBRACE
    (117) tlcon_list -> . empty
    (118) tlcon_list -> . tlcon_stmt
    (119) tlcon_list -> . tlcon_list tlcon_stmt
    (1) empty -> .
    (120) tlcon_stmt -> . NAME EQ value SEMI
    (121) tlcon_stmt -> . NAME IN con_list SEMI

  ! shift/reduce conflict for NAME resolved as shift
    RBRACE          reduce using rule 1 (empty -> .)
    NAME            shift and go to state 48

  ! NAME            [ reduce using rule 1 (empty -> .) ]

    tlcon_list                     shift and go to state 277
    empty                          shift and go to state 46
    tlcon_stmt                     shift and go to state 47

state 207

    (116) post_block -> POST LBRACE . tlcon_list RBRACE
    (117) tlcon_list -> . empty
    (118) tlcon_list -> . tlcon_stmt
    (119) tlcon_list -> . tlcon_list tlcon_stmt
    (1) empty -> .
    (120) tlcon_stmt -> . NAME EQ value SEMI
    (121) tlcon_stmt -> . NAME IN con_list SEMI

  ! shift/reduce conflict for NAME resolved as shift
    RBRACE          reduce using rule 1 (empty -> .)
    NAME            shift and go to state 48

  ! NAME            [ reduce using rule 1 (empty -> .) ]

    tlcon_list                     shift and go to state 278
    empty                          shift and go to state 46
    tlcon_stmt                     shift and go to state 47

state 208

    (128) impacts_block -> IMPACTS LBRACE . impact_group_list RBRACE
    (129) impact_group_list -> . empty
    (130) impact_group_list -> . impact_group
    (131) impact_group_list -> . impact_group_list impact_group
    (1) empty -> .
    (132) impact_group -> . impact_when LBRACE impact_group_entries RBRACE
    (133) impact_when -> . PRE
    (134) impact_when -> . MAINT
    (135) impact_when -> . POST

  ! shift/reduce conflict for PRE resolved as shift
  ! shift/reduce conflict for MAINT resolved as shift
  ! shift/reduce conflict for POST resolved as shift
    RBRACE          reduce using rule 1 (empty -> .)
    PRE             shift and go to state 283
    MAINT           shift and go to state 284
    POST            shift and go to state 285

  ! PRE             [ reduce using rule 1 (empty -> .) ]
  ! MAINT           [ reduce using rule 1 (empty -> .) ]
  ! POST            [ reduce using rule 1 (empty -> .) ]

    impact_group_list              shift and go to state 279
    empty                          shift and go to state 280
    impact_group                   shift and go to state 281
    impact_when                    shift and go to state 282

state 209

    (50) task_def -> task_modifier_opt TASK NAME extends_opt LBRACE . task_body_items RBRACE
    (61) task_body_items -> . empty
    (62) task_body_items -> . task_body_item
    (63) task_body_items -> . task_body_items task_body_item
    (1) empty -> .
    (64) task_body_item -> . task_id
    (65) task_body_item -> . task_priority
    (66) task_body_item -> . task_start_range
    (67) task_body_item -> . task_end_range
    (68) task_body_item -> . task_duration_range
    (69) task_body_item -> . task_duration
    (70) task_body_item -> . task_start_opt
    (71) task_body_item -> . task_after
    (72) task_body_item -> . task_containedin
    (73) task_body_item -> . param_block
    (74) task_body_item -> . constraints_block
    (75) task_body_item -> . pre_block
    (76) task_body_item -> . inv_block
    (77) task_body_item -> . post_block
    (78) task_body_item -> . task_impacts
    (79) task_body_item -> . task_def
    (80) task_id -> . ID_KW NUMBER SEMI
    (81) task_priority -> . PRIORITY NUMBER SEMI
    (82) task_start_range -> . START_RANGE range SEMI
    (83) task_end_range -> . END_RANGE range SEMI
    (84) task_duration_range -> . DURATION_RANGE range SEMI
    (85) task_duration -> . DURATION value SEMI
    (86) task_start_opt -> . START_KW NUMBER SEMI
    (87) task_start_opt -> . empty
    (88) task_after -> . AFTER after_list SEMI
    (95) task_containedin -> . CONTAINEDIN containedin_list SEMI
    (203) param_block -> . PARAM LBRACE param_decl_list RBRACE
    (107) constraints_block -> . CONSTRAINTS LBRACE constraints_items RBRACE
    (114) pre_block -> . PRE LBRACE tlcon_list RBRACE
    (115) inv_block -> . INV LBRACE tlcon_list RBRACE
    (116) post_block -> . POST LBRACE tlcon_list RBRACE
    (126) task_impacts -> . impacts_block
    (127) task_impacts -> . empty
    (49) task_def -> . TASKDEF NAME LBRACE task_body_items RBRACE
    (50) task_def -> . task_modifier_opt TASK NAME extends_opt LBRACE task_body_items RBRACE
    (51) task_def -> . task_modifier_opt TASK NAME extends_opt SEMI
    (54) task_def -> . task_modifier_opt TASK NAME LBRACKET NUMBER DOTDOT NUMBER RBRACKET extends_opt LBRACE task_body_items RBRACE
    (55) task_def -> . task_modifier_opt TASK NAME LBRACKET NUMBER RBRACKET extends_opt LBRACE task_body_items RBRACE
    (56) task_def -> . task_modifier_opt TASK NAME LBRACKET NUMBER DOTDOT NUMBER RBRACKET extends_opt SEMI
    (57) task_def -> . task_modifier_opt TASK NAME LBRACKET NUMBER RBRACKET extends_opt SEMI
    (128) impacts_block -> . IMPACTS LBRACE impact_group_list RBRACE
    (52) task_modifier_opt -> . empty
    (53) task_modifier_opt -> . OPTIONAL
    (58) task_modifier_opt -> . REQUEST

  ! shift/reduce conflict for ID_KW resolved as shift
  ! shift/reduce conflict for PRIORITY resolved as shift
  ! shift/reduce conflict for START_RANGE resolved as shift
  ! shift/reduce conflict for END_RANGE resolved as shift
  ! shift/reduce conflict for DURATION_RANGE resolved as shift
  ! shift/reduce conflict for DURATION resolved as shift
  ! shift/reduce conflict for START_KW resolved as shift
  ! shift/reduce conflict for AFTER resolved as shift
  ! shift/reduce conflict for CONTAINEDIN resolved as shift
  ! shift/reduce conflict for PARAM resolved as shift
  ! shift/reduce conflict for CONSTRAINTS resolved as shift
  ! shift/reduce conflict for PRE resolved as shift
  ! shift/reduce conflict for INV resolved as shift
  ! shift/reduce conflict for POST resolved as shift
  ! shift/reduce conflict for TASKDEF resolved as shift
  ! shift/reduce conflict for IMPACTS resolved as shift
  ! shift/reduce conflict for OPTIONAL resolved as shift
  ! shift/reduce conflict for REQUEST resolved as shift
    RBRACE          reduce using rule 1 (empty -> .)
    TASK            reduce using rule 1 (empty -> .)
    ID_KW           shift and go to state 116
    PRIORITY        shift and go to state 117
    START_RANGE     shift and go to state 118
    END_RANGE       shift and go to state 119
    DURATION_RANGE  shift and go to state 120
    DURATION        shift and go to state 121
    START_KW        shift and go to state 122
    AFTER           shift and go to state 123
    CONTAINEDIN     shift and go to state 124
    PARAM           shift and go to state 125
    CONSTRAINTS     shift and go to state 126
    PRE             shift and go to state 127
    INV             shift and go to state 128
    POST            shift and go to state 129
    TASKDEF         shift and go to state 20
    IMPACTS         shift and go to state 131
    OPTIONAL        shift and go to state 25
    REQUEST         shift and go to state 26

  ! ID_KW           [ reduce using rule 1 (empty -> .) ]
  ! PRIORITY        [ reduce using rule 1 (empty -> .) ]
  ! START_RANGE     [ reduce using rule 1 (empty -> .) ]
  ! END_RANGE       [ reduce using rule 1 (empty -> .) ]
  ! DURATION_RANGE  [ reduce using rule 1 (empty -> .) ]
  ! DURATION        [ reduce using rule 1 (empty -> .) ]
  ! START_KW        [ reduce using rule 1 (empty -> .) ]
  ! AFTER           [ reduce using rule 1 (empty -> .) ]
  ! CONTAINEDIN     [ reduce using rule 1 (empty -> .) ]
  ! PARAM           [ reduce using rule 1 (empty -> .) ]
  ! CONSTRAINTS     [ reduce using rule 1 (empty -> .) ]
  ! PRE             [ reduce using rule 1 (empty -> .) ]
  ! INV             [ reduce using rule 1 (empty -> .) ]
  ! POST            [ reduce using rule 1 (empty -> .) ]
  ! TASKDEF         [ reduce using rule 1 (empty -> .) ]
  ! IMPACTS         [ reduce using rule 1 (empty -> .) ]
  ! OPTIONAL        [ reduce using rule 1 (empty -> .) ]
  ! REQUEST         [ reduce using rule 1 (empty -> .) ]

    task_modifier_opt              shift and go to state 21
    task_body_items                shift and go to state 286
    empty                          shift and go to state 98
    task_body_item                 shift and go to state 99
    task_id                        shift and go to state 100
    task_priority                  shift and go to state 101
    task_start_range               shift and go to state 102
    task_end_range                 shift and go to state 103
    task_duration_range            shift and go to state 104
    task_duration                  shift and go to state 105
    task_start_opt                 shift and go to state 106
    task_after                     shift and go to state 107
    task_containedin               shift and go to state 108
    param_block                    shift and go to state 109
    constraints_block              shift and go to state 110
    pre_block                      shift and go to state 111
    inv_block                      shift and go to state 112
    post_block                     shift and go to state 113
    task_impacts                   shift and go to state 114
    task_def                       shift and go to state 115
    impacts_block                  shift and go to state 130

state 210

    (51) task_def -> task_modifier_opt TASK NAME extends_opt SEMI .

    RBRACE          reduce using rule 51 (task_def -> task_modifier_opt TASK NAME extends_opt SEMI .)
    PARAM           reduce using rule 51 (task_def -> task_modifier_opt TASK NAME extends_opt SEMI .)
    END             reduce using rule 51 (task_def -> task_modifier_opt TASK NAME extends_opt SEMI .)
    TIMELINES       reduce using rule 51 (task_def -> task_modifier_opt TASK NAME extends_opt SEMI .)
    INITIAL         reduce using rule 51 (task_def -> task_modifier_opt TASK NAME extends_opt SEMI .)
    FINAL           reduce using rule 51 (task_def -> task_modifier_opt TASK NAME extends_opt SEMI .)
    TASKDEF         reduce using rule 51 (task_def -> task_modifier_opt TASK NAME extends_opt SEMI .)
    CONSTRAINTS     reduce using rule 51 (task_def -> task_modifier_opt TASK NAME extends_opt SEMI .)
    PROPERTIES      reduce using rule 51 (task_def -> task_modifier_opt TASK NAME extends_opt SEMI .)
    OPTIONAL        reduce using rule 51 (task_def -> task_modifier_opt TASK NAME extends_opt SEMI .)
    REQUEST         reduce using rule 51 (task_def -> task_modifier_opt TASK NAME extends_opt SEMI .)
    TASK            reduce using rule 51 (task_def -> task_modifier_opt TASK NAME extends_opt SEMI .)
    ID_KW           reduce using rule 51 (task_def -> task_modifier_opt TASK NAME extends_opt SEMI .)
    PRIORITY        reduce using rule 51 (task_def -> task_modifier_opt TASK NAME extends_opt SEMI .)
    START_RANGE     reduce using rule 51 (task_def -> task_modifier_opt TASK NAME extends_opt SEMI .)
    END_RANGE       reduce using rule 51 (task_def -> task_modifier_opt TASK NAME extends_opt SEMI .)
    DURATION_RANGE  reduce using rule 51 (task_def -> task_modifier_opt TASK NAME extends_opt SEMI .)
    DURATION        reduce using rule 51 (task_def -> task_modifier_opt TASK NAME extends_opt SEMI .)
    START_KW        reduce using rule 51 (task_def -> task_modifier_opt TASK NAME extends_opt SEMI .)
    AFTER           reduce using rule 51 (task_def -> task_modifier_opt TASK NAME extends_opt SEMI .)
    CONTAINEDIN     reduce using rule 51 (task_def -> task_modifier_opt TASK NAME extends_opt SEMI .)
    PRE             reduce using rule 51 (task_def -> task_modifier_opt TASK NAME extends_opt SEMI .)
    INV             reduce using rule 51 (task_def -> task_modifier_opt TASK NAME extends_opt SEMI .)
    POST            reduce using rule 51 (task_def -> task_modifier_opt TASK NAME extends_opt SEMI .)
    IMPACTS         reduce using rule 51 (task_def -> task_modifier_opt TASK NAME extends_opt SEMI .)


state 211

    (54) task_def -> task_modifier_opt TASK NAME LBRACKET NUMBER . DOTDOT NUMBER RBRACKET extends_opt LBRACE task_body_items RBRACE
    (55) task_def -> task_modifier_opt TASK NAME LBRACKET NUMBER . RBRACKET extends_opt LBRACE task_body_items RBRACE
    (56) task_def -> task_modifier_opt TASK NAME LBRACKET NUMBER . DOTDOT NUMBER RBRACKET extends_opt SEMI
    (57) task_def -> task_modifier_opt TASK NAME LBRACKET NUMBER . RBRACKET extends_opt SEMI

    DOTDOT          shift and go to state 287
    RBRACKET        shift and go to state 288


state 212

    (60) extends_opt -> COLON NAME .

    LBRACE          reduce using rule 60 (extends_opt -> COLON NAME .)
    SEMI            reduce using rule 60 (extends_opt -> COLON NAME .)


state 213

    (151) temporal_prop -> PROP NAME COLON . tl_formula SEMI
    (153) tl_formula -> . tl_imp
    (154) tl_imp -> . tl_or
    (155) tl_imp -> . tl_or IMPLIES tl_imp
    (156) tl_imp -> . tl_or IMPLIES_KW tl_imp
    (157) tl_or -> . tl_and
    (158) tl_or -> . tl_or OR tl_and
    (159) tl_and -> . tl_u
    (160) tl_and -> . tl_and AND tl_u
    (161) tl_u -> . tl_unary
    (162) tl_u -> . tl_unary UNTIL tl_unary
    (163) tl_u -> . tl_unary SINCE tl_unary
    (164) tl_unary -> . NOT tl_unary
    (165) tl_unary -> . ALWAYS tl_unary
    (166) tl_unary -> . EVENTUALLY tl_unary
    (167) tl_unary -> . SOFAR tl_unary
    (168) tl_unary -> . ONCE tl_unary
    (169) tl_unary -> . LPAREN tl_formula RPAREN
    (170) tl_unary -> . tl_atom
    (171) tl_atom -> . NAME cmp_op NUMBER
    (172) tl_atom -> . NAME EQ NAME
    (173) tl_atom -> . NAME EQ TRUE
    (174) tl_atom -> . NAME EQ FALSE
    (175) tl_atom -> . ACTIVE LPAREN NAME RPAREN
    (176) tl_atom -> . TRUE
    (177) tl_atom -> . FALSE
    (178) tl_atom -> . TIME cmp_op NUMBER
    (179) tl_atom -> . TIME cmp_op NAME DOT START_KW
    (180) tl_atom -> . TIME cmp_op NAME DOT END
    (181) tl_atom -> . NAME DOT START_KW cmp_op NUMBER
    (182) tl_atom -> . NAME DOT END cmp_op NUMBER
    (183) tl_atom -> . NAME DOT START_KW cmp_op NAME DOT START_KW
    (184) tl_atom -> . NAME DOT START_KW cmp_op NAME DOT END
    (185) tl_atom -> . NAME DOT END cmp_op NAME DOT START_KW
    (186) tl_atom -> . NAME DOT END cmp_op NAME DOT END
    (187) tl_atom -> . SEQUENCE LBRACKET task_name_list RBRACKET
    (188) tl_atom -> . MUTEX LBRACKET task_name_list RBRACKET
    (189) tl_atom -> . MUTEX CROSS LBRACKET task_name_list RBRACKET
    (190) tl_atom -> . MUTEX LBRACKET task_name_list RBRACKET WITH LBRACKET task_name_list RBRACKET

    NOT             shift and go to state 64
    ALWAYS          shift and go to state 65
    EVENTUALLY      shift and go to state 66
    SOFAR           shift and go to state 67
    ONCE            shift and go to state 68
    LPAREN          shift and go to state 69
    NAME            shift and go to state 57
    ACTIVE          shift and go to state 73
    TRUE            shift and go to state 71
    FALSE           shift and go to state 72
    TIME            shift and go to state 74
    SEQUENCE        shift and go to state 75
    MUTEX           shift and go to state 76

    tl_formula                     shift and go to state 289
    tl_imp                         shift and go to state 59
    tl_or                          shift and go to state 60
    tl_and                         shift and go to state 61
    tl_u                           shift and go to state 62
    tl_unary                       shift and go to state 63
    tl_atom                        shift and go to state 70

state 214

    (171) tl_atom -> NAME cmp_op NUMBER .

    UNTIL           reduce using rule 171 (tl_atom -> NAME cmp_op NUMBER .)
    SINCE           reduce using rule 171 (tl_atom -> NAME cmp_op NUMBER .)
    AND             reduce using rule 171 (tl_atom -> NAME cmp_op NUMBER .)
    IMPLIES         reduce using rule 171 (tl_atom -> NAME cmp_op NUMBER .)
    IMPLIES_KW      reduce using rule 171 (tl_atom -> NAME cmp_op NUMBER .)
    OR              reduce using rule 171 (tl_atom -> NAME cmp_op NUMBER .)
    SEMI            reduce using rule 171 (tl_atom -> NAME cmp_op NUMBER .)
    RPAREN          reduce using rule 171 (tl_atom -> NAME cmp_op NUMBER .)


state 215

    (172) tl_atom -> NAME EQ NAME .

    UNTIL           reduce using rule 172 (tl_atom -> NAME EQ NAME .)
    SINCE           reduce using rule 172 (tl_atom -> NAME EQ NAME .)
    AND             reduce using rule 172 (tl_atom -> NAME EQ NAME .)
    IMPLIES         reduce using rule 172 (tl_atom -> NAME EQ NAME .)
    IMPLIES_KW      reduce using rule 172 (tl_atom -> NAME EQ NAME .)
    OR              reduce using rule 172 (tl_atom -> NAME EQ NAME .)
    SEMI            reduce using rule 172 (tl_atom -> NAME EQ NAME .)
    RPAREN          reduce using rule 172 (tl_atom -> NAME EQ NAME .)


state 216

    (173) tl_atom -> NAME EQ TRUE .

    UNTIL           reduce using rule 173 (tl_atom -> NAME EQ TRUE .)
    SINCE           reduce using rule 173 (tl_atom -> NAME EQ TRUE .)
    AND             reduce using rule 173 (tl_atom -> NAME EQ TRUE .)
    IMPLIES         reduce using rule 173 (tl_atom -> NAME EQ TRUE .)
    IMPLIES_KW      reduce using rule 173 (tl_atom -> NAME EQ TRUE .)
    OR              reduce using rule 173 (tl_atom -> NAME EQ TRUE .)
    SEMI            reduce using rule 173 (tl_atom -> NAME EQ TRUE .)
    RPAREN          reduce using rule 173 (tl_atom -> NAME EQ TRUE .)


state 217

    (174) tl_atom -> NAME EQ FALSE .

    UNTIL           reduce using rule 174 (tl_atom -> NAME EQ FALSE .)
    SINCE           reduce using rule 174 (tl_atom -> NAME EQ FALSE .)
    AND             reduce using rule 174 (tl_atom -> NAME EQ FALSE .)
    IMPLIES         reduce using rule 174 (tl_atom -> NAME EQ FALSE .)
    IMPLIES_KW      reduce using rule 174 (tl_atom -> NAME EQ FALSE .)
    OR              reduce using rule 174 (tl_atom -> NAME EQ FALSE .)
    SEMI            reduce using rule 174 (tl_atom -> NAME EQ FALSE .)
    RPAREN          reduce using rule 174 (tl_atom -> NAME EQ FALSE .)


state 218

    (181) tl_atom -> NAME DOT START_KW . cmp_op NUMBER
    (183) tl_atom -> NAME DOT START_KW . cmp_op NAME DOT START_KW
    (184) tl_atom -> NAME DOT START_KW . cmp_op NAME DOT END
    (193) cmp_op -> . LT
    (194) cmp_op -> . LE
    (195) cmp_op -> . EQ
    (196) cmp_op -> . GE
    (197) cmp_op -> . GT

    LT              shift and go to state 142
    LE              shift and go to state 143
    EQ              shift and go to state 161
    GE              shift and go to state 144
    GT              shift and go to state 145

    cmp_op                         shift and go to state 290

state 219

    (182) tl_atom -> NAME DOT END . cmp_op NUMBER
    (185) tl_atom -> NAME DOT END . cmp_op NAME DOT START_KW
    (186) tl_atom -> NAME DOT END . cmp_op NAME DOT END
    (193) cmp_op -> . LT
    (194) cmp_op -> . LE
    (195) cmp_op -> . EQ
    (196) cmp_op -> . GE
    (197) cmp_op -> . GT

    LT              shift and go to state 142
    LE              shift and go to state 143
    EQ              shift and go to state 161
    GE              shift and go to state 144
    GT              shift and go to state 145

    cmp_op                         shift and go to state 291

state 220

    (155) tl_imp -> tl_or IMPLIES tl_imp .

    SEMI            reduce using rule 155 (tl_imp -> tl_or IMPLIES tl_imp .)
    RPAREN          reduce using rule 155 (tl_imp -> tl_or IMPLIES tl_imp .)


state 221

    (156) tl_imp -> tl_or IMPLIES_KW tl_imp .

    SEMI            reduce using rule 156 (tl_imp -> tl_or IMPLIES_KW tl_imp .)
    RPAREN          reduce using rule 156 (tl_imp -> tl_or IMPLIES_KW tl_imp .)


state 222

    (158) tl_or -> tl_or OR tl_and .
    (160) tl_and -> tl_and . AND tl_u

    IMPLIES         reduce using rule 158 (tl_or -> tl_or OR tl_and .)
    IMPLIES_KW      reduce using rule 158 (tl_or -> tl_or OR tl_and .)
    OR              reduce using rule 158 (tl_or -> tl_or OR tl_and .)
    SEMI            reduce using rule 158 (tl_or -> tl_or OR tl_and .)
    RPAREN          reduce using rule 158 (tl_or -> tl_or OR tl_and .)
    AND             shift and go to state 150


state 223

    (160) tl_and -> tl_and AND tl_u .

    AND             reduce using rule 160 (tl_and -> tl_and AND tl_u .)
    IMPLIES         reduce using rule 160 (tl_and -> tl_and AND tl_u .)
    IMPLIES_KW      reduce using rule 160 (tl_and -> tl_and AND tl_u .)
    OR              reduce using rule 160 (tl_and -> tl_and AND tl_u .)
    SEMI            reduce using rule 160 (tl_and -> tl_and AND tl_u .)
    RPAREN          reduce using rule 160 (tl_and -> tl_and AND tl_u .)


state 224

    (162) tl_u -> tl_unary UNTIL tl_unary .

    AND             reduce using rule 162 (tl_u -> tl_unary UNTIL tl_unary .)
    IMPLIES         reduce using rule 162 (tl_u -> tl_unary UNTIL tl_unary .)
    IMPLIES_KW      reduce using rule 162 (tl_u -> tl_unary UNTIL tl_unary .)
    OR              reduce using rule 162 (tl_u -> tl_unary UNTIL tl_unary .)
    SEMI            reduce using rule 162 (tl_u -> tl_unary UNTIL tl_unary .)
    RPAREN          reduce using rule 162 (tl_u -> tl_unary UNTIL tl_unary .)


state 225

    (163) tl_u -> tl_unary SINCE tl_unary .

    AND             reduce using rule 163 (tl_u -> tl_unary SINCE tl_unary .)
    IMPLIES         reduce using rule 163 (tl_u -> tl_unary SINCE tl_unary .)
    IMPLIES_KW      reduce using rule 163 (tl_u -> tl_unary SINCE tl_unary .)
    OR              reduce using rule 163 (tl_u -> tl_unary SINCE tl_unary .)
    SEMI            reduce using rule 163 (tl_u -> tl_unary SINCE tl_unary .)
    RPAREN          reduce using rule 163 (tl_u -> tl_unary SINCE tl_unary .)


state 226

    (169) tl_unary -> LPAREN tl_formula RPAREN .

    UNTIL           reduce using rule 169 (tl_unary -> LPAREN tl_formula RPAREN .)
    SINCE           reduce using rule 169 (tl_unary -> LPAREN tl_formula RPAREN .)
    AND             reduce using rule 169 (tl_unary -> LPAREN tl_formula RPAREN .)
    IMPLIES         reduce using rule 169 (tl_unary -> LPAREN tl_formula RPAREN .)
    IMPLIES_KW      reduce using rule 169 (tl_unary -> LPAREN tl_formula RPAREN .)
    OR              reduce using rule 169 (tl_unary -> LPAREN tl_formula RPAREN .)
    SEMI            reduce using rule 169 (tl_unary -> LPAREN tl_formula RPAREN .)
    RPAREN          reduce using rule 169 (tl_unary -> LPAREN tl_formula RPAREN .)


state 227

    (175) tl_atom -> ACTIVE LPAREN NAME . RPAREN

    RPAREN          shift and go to state 292


state 228

    (178) tl_atom -> TIME cmp_op NUMBER .

    UNTIL           reduce using rule 178 (tl_atom -> TIME cmp_op NUMBER .)
    SINCE           reduce using rule 178 (tl_atom -> TIME cmp_op NUMBER .)
    AND             reduce using rule 178 (tl_atom -> TIME cmp_op NUMBER .)
    IMPLIES         reduce using rule 178 (tl_atom -> TIME cmp_op NUMBER .)
    IMPLIES_KW      reduce using rule 178 (tl_atom -> TIME cmp_op NUMBER .)
    OR              reduce using rule 178 (tl_atom -> TIME cmp_op NUMBER .)
    SEMI            reduce using rule 178 (tl_atom -> TIME cmp_op NUMBER .)
    RPAREN          reduce using rule 178 (tl_atom -> TIME cmp_op NUMBER .)


state 229

    (179) tl_atom -> TIME cmp_op NAME . DOT START_KW
    (180) tl_atom -> TIME cmp_op NAME . DOT END

    DOT             shift and go to state 293


state 230

    (187) tl_atom -> SEQUENCE LBRACKET task_name_list . RBRACKET
    (192) task_name_list -> task_name_list . COMMA NAME

    RBRACKET        shift and go to state 294
    COMMA           shift and go to state 295


state 231

    (191) task_name_list -> NAME .

    RBRACKET        reduce using rule 191 (task_name_list -> NAME .)
    COMMA           reduce using rule 191 (task_name_list -> NAME .)


state 232

    (188) tl_atom -> MUTEX LBRACKET task_name_list . RBRACKET
    (190) tl_atom -> MUTEX LBRACKET task_name_list . RBRACKET WITH LBRACKET task_name_list RBRACKET
    (192) task_name_list -> task_name_list . COMMA NAME

    RBRACKET        shift and go to state 296
    COMMA           shift and go to state 295


state 233

    (189) tl_atom -> MUTEX CROSS LBRACKET . task_name_list RBRACKET
    (191) task_name_list -> . NAME
    (192) task_name_list -> . task_name_list COMMA NAME

    NAME            shift and go to state 231

    task_name_list                 shift and go to state 297

state 234

    (209) param_value -> LBRACKET NUMBER COMMA . NUMBER RBRACKET

    NUMBER          shift and go to state 298


state 235

    (19) timeline_decl -> NAME COLON timeline_kind SEMI .

    RBRACE          reduce using rule 19 (timeline_decl -> NAME COLON timeline_kind SEMI .)
    NAME            reduce using rule 19 (timeline_decl -> NAME COLON timeline_kind SEMI .)


state 236

    (20) timeline_kind -> STATE LPAREN . state_list RPAREN EQ NAME
    (21) timeline_kind -> STATE LPAREN . state_list RPAREN EQ NUMBER
    (22) state_list -> . NAME
    (23) state_list -> . NUMBER
    (24) state_list -> . state_list COMMA NAME
    (25) state_list -> . state_list COMMA NUMBER

    NAME            shift and go to state 300
    NUMBER          shift and go to state 301

    state_list                     shift and go to state 299

state 237

    (26) timeline_kind -> ATOMIC init_int_opt .

    SEMI            reduce using rule 26 (timeline_kind -> ATOMIC init_int_opt .)


state 238

    (40) init_int_opt -> empty .

    SEMI            reduce using rule 40 (init_int_opt -> empty .)


state 239

    (41) init_int_opt -> EQ . NUMBER

    NUMBER          shift and go to state 302


state 240

    (42) timeline_kind -> claim_kw range_opt . init_opt
    (36) init_opt -> . empty
    (37) init_opt -> . EQ NUMBER
    (1) empty -> .

    EQ              shift and go to state 305
    SEMI            reduce using rule 1 (empty -> .)

    init_opt                       shift and go to state 303
    empty                          shift and go to state 304

state 241

    (32) range_opt -> empty .

    EQ              reduce using rule 32 (range_opt -> empty .)
    SEMI            reduce using rule 32 (range_opt -> empty .)
    BOUNDS          reduce using rule 32 (range_opt -> empty .)
    INITIAL_RATE    reduce using rule 32 (range_opt -> empty .)


state 242

    (33) range_opt -> range .

    EQ              reduce using rule 33 (range_opt -> range .)
    SEMI            reduce using rule 33 (range_opt -> range .)
    BOUNDS          reduce using rule 33 (range_opt -> range .)
    INITIAL_RATE    reduce using rule 33 (range_opt -> range .)


state 243

    (43) timeline_kind -> cumul_kw range_opt . bounds_opt init_opt
    (34) bounds_opt -> . empty
    (35) bounds_opt -> . BOUNDS range
    (1) empty -> .

    BOUNDS          shift and go to state 308
    EQ              reduce using rule 1 (empty -> .)
    SEMI            reduce using rule 1 (empty -> .)

    bounds_opt                     shift and go to state 306
    empty                          shift and go to state 307

state 244

    (44) timeline_kind -> RATE range_opt . bounds_opt init_opt initial_rate_opt
    (34) bounds_opt -> . empty
    (35) bounds_opt -> . BOUNDS range
    (1) empty -> .

    BOUNDS          shift and go to state 308
    EQ              reduce using rule 1 (empty -> .)
    INITIAL_RATE    reduce using rule 1 (empty -> .)
    SEMI            reduce using rule 1 (empty -> .)

    bounds_opt                     shift and go to state 309
    empty                          shift and go to state 307

state 245

    (120) tlcon_stmt -> NAME EQ value SEMI .

    RBRACE          reduce using rule 120 (tlcon_stmt -> NAME EQ value SEMI .)
    NAME            reduce using rule 120 (tlcon_stmt -> NAME EQ value SEMI .)


state 246

    (121) tlcon_stmt -> NAME IN con_list SEMI .

    RBRACE          reduce using rule 121 (tlcon_stmt -> NAME IN con_list SEMI .)
    NAME            reduce using rule 121 (tlcon_stmt -> NAME IN con_list SEMI .)


state 247

    (123) con_list -> con_list con_item .

    SEMI            reduce using rule 123 (con_list -> con_list con_item .)
    STRING          reduce using rule 123 (con_list -> con_list con_item .)
    NUMBER          reduce using rule 123 (con_list -> con_list con_item .)
    TRUE            reduce using rule 123 (con_list -> con_list con_item .)
    FALSE           reduce using rule 123 (con_list -> con_list con_item .)
    NAME            reduce using rule 123 (con_list -> con_list con_item .)
    LBRACKET        reduce using rule 123 (con_list -> con_list con_item .)


state 248

    (31) range -> LBRACKET NUMBER . COMMA NUMBER RBRACKET

    COMMA           shift and go to state 310


state 249

    (47) final_block -> FINAL WITHIN INITIAL LBRACE tlcon_list RBRACE .

    RBRACE          reduce using rule 47 (final_block -> FINAL WITHIN INITIAL LBRACE tlcon_list RBRACE .)
    PARAM           reduce using rule 47 (final_block -> FINAL WITHIN INITIAL LBRACE tlcon_list RBRACE .)
    END             reduce using rule 47 (final_block -> FINAL WITHIN INITIAL LBRACE tlcon_list RBRACE .)
    TIMELINES       reduce using rule 47 (final_block -> FINAL WITHIN INITIAL LBRACE tlcon_list RBRACE .)
    INITIAL         reduce using rule 47 (final_block -> FINAL WITHIN INITIAL LBRACE tlcon_list RBRACE .)
    FINAL           reduce using rule 47 (final_block -> FINAL WITHIN INITIAL LBRACE tlcon_list RBRACE .)
    TASKDEF         reduce using rule 47 (final_block -> FINAL WITHIN INITIAL LBRACE tlcon_list RBRACE .)
    CONSTRAINTS     reduce using rule 47 (final_block -> FINAL WITHIN INITIAL LBRACE tlcon_list RBRACE .)
    PROPERTIES      reduce using rule 47 (final_block -> FINAL WITHIN INITIAL LBRACE tlcon_list RBRACE .)
    OPTIONAL        reduce using rule 47 (final_block -> FINAL WITHIN INITIAL LBRACE tlcon_list RBRACE .)
    REQUEST         reduce using rule 47 (final_block -> FINAL WITHIN INITIAL LBRACE tlcon_list RBRACE .)
    TASK            reduce using rule 47 (final_block -> FINAL WITHIN INITIAL LBRACE tlcon_list RBRACE .)


state 250

    (80) task_id -> ID_KW NUMBER SEMI .

    RBRACE          reduce using rule 80 (task_id -> ID_KW NUMBER SEMI .)
    ID_KW           reduce using rule 80 (task_id -> ID_KW NUMBER SEMI .)
    PRIORITY        reduce using rule 80 (task_id -> ID_KW NUMBER SEMI .)
    START_RANGE     reduce using rule 80 (task_id -> ID_KW NUMBER SEMI .)
    END_RANGE       reduce using rule 80 (task_id -> ID_KW NUMBER SEMI .)
    DURATION_RANGE  reduce using rule 80 (task_id -> ID_KW NUMBER SEMI .)
    DURATION        reduce using rule 80 (task_id -> ID_KW NUMBER SEMI .)
    START_KW        reduce using rule 80 (task_id -> ID_KW NUMBER SEMI .)
    AFTER           reduce using rule 80 (task_id -> ID_KW NUMBER SEMI .)
    CONTAINEDIN     reduce using rule 80 (task_id -> ID_KW NUMBER SEMI .)
    PARAM           reduce using rule 80 (task_id -> ID_KW NUMBER SEMI .)
    CONSTRAINTS     reduce using rule 80 (task_id -> ID_KW NUMBER SEMI .)
    PRE             reduce using rule 80 (task_id -> ID_KW NUMBER SEMI .)
    INV             reduce using rule 80 (task_id -> ID_KW NUMBER SEMI .)
    POST            reduce using rule 80 (task_id -> ID_KW NUMBER SEMI .)
    TASKDEF         reduce using rule 80 (task_id -> ID_KW NUMBER SEMI .)
    IMPACTS         reduce using rule 80 (task_id -> ID_KW NUMBER SEMI .)
    OPTIONAL        reduce using rule 80 (task_id -> ID_KW NUMBER SEMI .)
    REQUEST         reduce using rule 80 (task_id -> ID_KW NUMBER SEMI .)
    TASK            reduce using rule 80 (task_id -> ID_KW NUMBER SEMI .)


state 251

    (81) task_priority -> PRIORITY NUMBER SEMI .

    RBRACE          reduce using rule 81 (task_priority -> PRIORITY NUMBER SEMI .)
    ID_KW           reduce using rule 81 (task_priority -> PRIORITY NUMBER SEMI .)
    PRIORITY        reduce using rule 81 (task_priority -> PRIORITY NUMBER SEMI .)
    START_RANGE     reduce using rule 81 (task_priority -> PRIORITY NUMBER SEMI .)
    END_RANGE       reduce using rule 81 (task_priority -> PRIORITY NUMBER SEMI .)
    DURATION_RANGE  reduce using rule 81 (task_priority -> PRIORITY NUMBER SEMI .)
    DURATION        reduce using rule 81 (task_priority -> PRIORITY NUMBER SEMI .)
    START_KW        reduce using rule 81 (task_priority -> PRIORITY NUMBER SEMI .)
    AFTER           reduce using rule 81 (task_priority -> PRIORITY NUMBER SEMI .)
    CONTAINEDIN     reduce using rule 81 (task_priority -> PRIORITY NUMBER SEMI .)
    PARAM           reduce using rule 81 (task_priority -> PRIORITY NUMBER SEMI .)
    CONSTRAINTS     reduce using rule 81 (task_priority -> PRIORITY NUMBER SEMI .)
    PRE             reduce using rule 81 (task_priority -> PRIORITY NUMBER SEMI .)
    INV             reduce using rule 81 (task_priority -> PRIORITY NUMBER SEMI .)
    POST            reduce using rule 81 (task_priority -> PRIORITY NUMBER SEMI .)
    TASKDEF         reduce using rule 81 (task_priority -> PRIORITY NUMBER SEMI .)
    IMPACTS         reduce using rule 81 (task_priority -> PRIORITY NUMBER SEMI .)
    OPTIONAL        reduce using rule 81 (task_priority -> PRIORITY NUMBER SEMI .)
    REQUEST         reduce using rule 81 (task_priority -> PRIORITY NUMBER SEMI .)
    TASK            reduce using rule 81 (task_priority -> PRIORITY NUMBER SEMI .)


state 252

    (82) task_start_range -> START_RANGE range SEMI .

    RBRACE          reduce using rule 82 (task_start_range -> START_RANGE range SEMI .)
    ID_KW           reduce using rule 82 (task_start_range -> START_RANGE range SEMI .)
    PRIORITY        reduce using rule 82 (task_start_range -> START_RANGE range SEMI .)
    START_RANGE     reduce using rule 82 (task_start_range -> START_RANGE range SEMI .)
    END_RANGE       reduce using rule 82 (task_start_range -> START_RANGE range SEMI .)
    DURATION_RANGE  reduce using rule 82 (task_start_range -> START_RANGE range SEMI .)
    DURATION        reduce using rule 82 (task_start_range -> START_RANGE range SEMI .)
    START_KW        reduce using rule 82 (task_start_range -> START_RANGE range SEMI .)
    AFTER           reduce using rule 82 (task_start_range -> START_RANGE range SEMI .)
    CONTAINEDIN     reduce using rule 82 (task_start_range -> START_RANGE range SEMI .)
    PARAM           reduce using rule 82 (task_start_range -> START_RANGE range SEMI .)
    CONSTRAINTS     reduce using rule 82 (task_start_range -> START_RANGE range SEMI .)
    PRE             reduce using rule 82 (task_start_range -> START_RANGE range SEMI .)
    INV             reduce using rule 82 (task_start_range -> START_RANGE range SEMI .)
    POST            reduce using rule 82 (task_start_range -> START_RANGE range SEMI .)
    TASKDEF         reduce using rule 82 (task_start_range -> START_RANGE range SEMI .)
    IMPACTS         reduce using rule 82 (task_start_range -> START_RANGE range SEMI .)
    OPTIONAL        reduce using rule 82 (task_start_range -> START_RANGE range SEMI .)
    REQUEST         reduce using rule 82 (task_start_range -> START_RANGE range SEMI .)
    TASK            reduce using rule 82 (task_start_range -> START_RANGE range SEMI .)


state 253

    (83) task_end_range -> END_RANGE range SEMI .

    RBRACE          reduce using rule 83 (task_end_range -> END_RANGE range SEMI .)
    ID_KW           reduce using rule 83 (task_end_range -> END_RANGE range SEMI .)
    PRIORITY        reduce using rule 83 (task_end_range -> END_RANGE range SEMI .)
    START_RANGE     reduce using rule 83 (task_end_range -> END_RANGE range SEMI .)
    END_RANGE       reduce using rule 83 (task_end_range -> END_RANGE range SEMI .)
    DURATION_RANGE  reduce using rule 83 (task_end_range -> END_RANGE range SEMI .)
    DURATION        reduce using rule 83 (task_end_range -> END_RANGE range SEMI .)
    START_KW        reduce using rule 83 (task_end_range -> END_RANGE range SEMI .)
    AFTER           reduce using rule 83 (task_end_range -> END_RANGE range SEMI .)
    CONTAINEDIN     reduce using rule 83 (task_end_range -> END_RANGE range SEMI .)
    PARAM           reduce using rule 83 (task_end_range -> END_RANGE range SEMI .)
    CONSTRAINTS     reduce using rule 83 (task_end_range -> END_RANGE range SEMI .)
    PRE             reduce using rule 83 (task_end_range -> END_RANGE range SEMI .)
    INV             reduce using rule 83 (task_end_range -> END_RANGE range SEMI .)
    POST            reduce using rule 83 (task_end_range -> END_RANGE range SEMI .)
    TASKDEF         reduce using rule 83 (task_end_range -> END_RANGE range SEMI .)
    IMPACTS         reduce using rule 83 (task_end_range -> END_RANGE range SEMI .)
    OPTIONAL        reduce using rule 83 (task_end_range -> END_RANGE range SEMI .)
    REQUEST         reduce using rule 83 (task_end_range -> END_RANGE range SEMI .)
    TASK            reduce using rule 83 (task_end_range -> END_RANGE range SEMI .)


state 254

    (84) task_duration_range -> DURATION_RANGE range SEMI .

    RBRACE          reduce using rule 84 (task_duration_range -> DURATION_RANGE range SEMI .)
    ID_KW           reduce using rule 84 (task_duration_range -> DURATION_RANGE range SEMI .)
    PRIORITY        reduce using rule 84 (task_duration_range -> DURATION_RANGE range SEMI .)
    START_RANGE     reduce using rule 84 (task_duration_range -> DURATION_RANGE range SEMI .)
    END_RANGE       reduce using rule 84 (task_duration_range -> DURATION_RANGE range SEMI .)
    DURATION_RANGE  reduce using rule 84 (task_duration_range -> DURATION_RANGE range SEMI .)
    DURATION        reduce using rule 84 (task_duration_range -> DURATION_RANGE range SEMI .)
    START_KW        reduce using rule 84 (task_duration_range -> DURATION_RANGE range SEMI .)
    AFTER           reduce using rule 84 (task_duration_range -> DURATION_RANGE range SEMI .)
    CONTAINEDIN     reduce using rule 84 (task_duration_range -> DURATION_RANGE range SEMI .)
    PARAM           reduce using rule 84 (task_duration_range -> DURATION_RANGE range SEMI .)
    CONSTRAINTS     reduce using rule 84 (task_duration_range -> DURATION_RANGE range SEMI .)
    PRE             reduce using rule 84 (task_duration_range -> DURATION_RANGE range SEMI .)
    INV             reduce using rule 84 (task_duration_range -> DURATION_RANGE range SEMI .)
    POST            reduce using rule 84 (task_duration_range -> DURATION_RANGE range SEMI .)
    TASKDEF         reduce using rule 84 (task_duration_range -> DURATION_RANGE range SEMI .)
    IMPACTS         reduce using rule 84 (task_duration_range -> DURATION_RANGE range SEMI .)
    OPTIONAL        reduce using rule 84 (task_duration_range -> DURATION_RANGE range SEMI .)
    REQUEST         reduce using rule 84 (task_duration_range -> DURATION_RANGE range SEMI .)
    TASK            reduce using rule 84 (task_duration_range -> DURATION_RANGE range SEMI .)


state 255

    (85) task_duration -> DURATION value SEMI .

    RBRACE          reduce using rule 85 (task_duration -> DURATION value SEMI .)
    ID_KW           reduce using rule 85 (task_duration -> DURATION value SEMI .)
    PRIORITY        reduce using rule 85 (task_duration -> DURATION value SEMI .)
    START_RANGE     reduce using rule 85 (task_duration -> DURATION value SEMI .)
    END_RANGE       reduce using rule 85 (task_duration -> DURATION value SEMI .)
    DURATION_RANGE  reduce using rule 85 (task_duration -> DURATION value SEMI .)
    DURATION        reduce using rule 85 (task_duration -> DURATION value SEMI .)
    START_KW        reduce using rule 85 (task_duration -> DURATION value SEMI .)
    AFTER           reduce using rule 85 (task_duration -> DURATION value SEMI .)
    CONTAINEDIN     reduce using rule 85 (task_duration -> DURATION value SEMI .)
    PARAM           reduce using rule 85 (task_duration -> DURATION value SEMI .)
    CONSTRAINTS     reduce using rule 85 (task_duration -> DURATION value SEMI .)
    PRE             reduce using rule 85 (task_duration -> DURATION value SEMI .)
    INV             reduce using rule 85 (task_duration -> DURATION value SEMI .)
    POST            reduce using rule 85 (task_duration -> DURATION value SEMI .)
    TASKDEF         reduce using rule 85 (task_duration -> DURATION value SEMI .)
    IMPACTS         reduce using rule 85 (task_duration -> DURATION value SEMI .)
    OPTIONAL        reduce using rule 85 (task_duration -> DURATION value SEMI .)
    REQUEST         reduce using rule 85 (task_duration -> DURATION value SEMI .)
    TASK            reduce using rule 85 (task_duration -> DURATION value SEMI .)


state 256

    (86) task_start_opt -> START_KW NUMBER SEMI .

    RBRACE          reduce using rule 86 (task_start_opt -> START_KW NUMBER SEMI .)
    ID_KW           reduce using rule 86 (task_start_opt -> START_KW NUMBER SEMI .)
    PRIORITY        reduce using rule 86 (task_start_opt -> START_KW NUMBER SEMI .)
    START_RANGE     reduce using rule 86 (task_start_opt -> START_KW NUMBER SEMI .)
    END_RANGE       reduce using rule 86 (task_start_opt -> START_KW NUMBER SEMI .)
    DURATION_RANGE  reduce using rule 86 (task_start_opt -> START_KW NUMBER SEMI .)
    DURATION        reduce using rule 86 (task_start_opt -> START_KW NUMBER SEMI .)
    START_KW        reduce using rule 86 (task_start_opt -> START_KW NUMBER SEMI .)
    AFTER           reduce using rule 86 (task_start_opt -> START_KW NUMBER SEMI .)
    CONTAINEDIN     reduce using rule 86 (task_start_opt -> START_KW NUMBER SEMI .)
    PARAM           reduce using rule 86 (task_start_opt -> START_KW NUMBER SEMI .)
    CONSTRAINTS     reduce using rule 86 (task_start_opt -> START_KW NUMBER SEMI .)
    PRE             reduce using rule 86 (task_start_opt -> START_KW NUMBER SEMI .)
    INV             reduce using rule 86 (task_start_opt -> START_KW NUMBER SEMI .)
    POST            reduce using rule 86 (task_start_opt -> START_KW NUMBER SEMI .)
    TASKDEF         reduce using rule 86 (task_start_opt -> START_KW NUMBER SEMI .)
    IMPACTS         reduce using rule 86 (task_start_opt -> START_KW NUMBER SEMI .)
    OPTIONAL        reduce using rule 86 (task_start_opt -> START_KW NUMBER SEMI .)
    REQUEST         reduce using rule 86 (task_start_opt -> START_KW NUMBER SEMI .)
    TASK            reduce using rule 86 (task_start_opt -> START_KW NUMBER SEMI .)


state 257

    (88) task_after -> AFTER after_list SEMI .

    RBRACE          reduce using rule 88 (task_after -> AFTER after_list SEMI .)
    ID_KW           reduce using rule 88 (task_after -> AFTER after_list SEMI .)
    PRIORITY        reduce using rule 88 (task_after -> AFTER after_list SEMI .)
    START_RANGE     reduce using rule 88 (task_after -> AFTER after_list SEMI .)
    END_RANGE       reduce using rule 88 (task_after -> AFTER after_list SEMI .)
    DURATION_RANGE  reduce using rule 88 (task_after -> AFTER after_list SEMI .)
    DURATION        reduce using rule 88 (task_after -> AFTER after_list SEMI .)
    START_KW        reduce using rule 88 (task_after -> AFTER after_list SEMI .)
    AFTER           reduce using rule 88 (task_after -> AFTER after_list SEMI .)
    CONTAINEDIN     reduce using rule 88 (task_after -> AFTER after_list SEMI .)
    PARAM           reduce using rule 88 (task_after -> AFTER after_list SEMI .)
    CONSTRAINTS     reduce using rule 88 (task_after -> AFTER after_list SEMI .)
    PRE             reduce using rule 88 (task_after -> AFTER after_list SEMI .)
    INV             reduce using rule 88 (task_after -> AFTER after_list SEMI .)
    POST            reduce using rule 88 (task_after -> AFTER after_list SEMI .)
    TASKDEF         reduce using rule 88 (task_after -> AFTER after_list SEMI .)
    IMPACTS         reduce using rule 88 (task_after -> AFTER after_list SEMI .)
    OPTIONAL        reduce using rule 88 (task_after -> AFTER after_list SEMI .)
    REQUEST         reduce using rule 88 (task_after -> AFTER after_list SEMI .)
    TASK            reduce using rule 88 (task_after -> AFTER after_list SEMI .)


state 258

    (91) after_list -> after_list COMMA . after_item
    (92) after_item -> . NAME
    (93) after_item -> . NAME LBRACKET NUMBER COMMA NUMBER RBRACKET
    (94) after_item -> . NAME NUMBER

    NAME            shift and go to state 198

    after_item                     shift and go to state 311

state 259

    (93) after_item -> NAME LBRACKET . NUMBER COMMA NUMBER RBRACKET

    NUMBER          shift and go to state 312


state 260

    (94) after_item -> NAME NUMBER .

    SEMI            reduce using rule 94 (after_item -> NAME NUMBER .)
    COMMA           reduce using rule 94 (after_item -> NAME NUMBER .)


state 261

    (95) task_containedin -> CONTAINEDIN containedin_list SEMI .

    RBRACE          reduce using rule 95 (task_containedin -> CONTAINEDIN containedin_list SEMI .)
    ID_KW           reduce using rule 95 (task_containedin -> CONTAINEDIN containedin_list SEMI .)
    PRIORITY        reduce using rule 95 (task_containedin -> CONTAINEDIN containedin_list SEMI .)
    START_RANGE     reduce using rule 95 (task_containedin -> CONTAINEDIN containedin_list SEMI .)
    END_RANGE       reduce using rule 95 (task_containedin -> CONTAINEDIN containedin_list SEMI .)
    DURATION_RANGE  reduce using rule 95 (task_containedin -> CONTAINEDIN containedin_list SEMI .)
    DURATION        reduce using rule 95 (task_containedin -> CONTAINEDIN containedin_list SEMI .)
    START_KW        reduce using rule 95 (task_containedin -> CONTAINEDIN containedin_list SEMI .)
    AFTER           reduce using rule 95 (task_containedin -> CONTAINEDIN containedin_list SEMI .)
    CONTAINEDIN     reduce using rule 95 (task_containedin -> CONTAINEDIN containedin_list SEMI .)
    PARAM           reduce using rule 95 (task_containedin -> CONTAINEDIN containedin_list SEMI .)
    CONSTRAINTS     reduce using rule 95 (task_containedin -> CONTAINEDIN containedin_list SEMI .)
    PRE             reduce using rule 95 (task_containedin -> CONTAINEDIN containedin_list SEMI .)
    INV             reduce using rule 95 (task_containedin -> CONTAINEDIN containedin_list SEMI .)
    POST            reduce using rule 95 (task_containedin -> CONTAINEDIN containedin_list SEMI .)
    TASKDEF         reduce using rule 95 (task_containedin -> CONTAINEDIN containedin_list SEMI .)
    IMPACTS         reduce using rule 95 (task_containedin -> CONTAINEDIN containedin_list SEMI .)
    OPTIONAL        reduce using rule 95 (task_containedin -> CONTAINEDIN containedin_list SEMI .)
    REQUEST         reduce using rule 95 (task_containedin -> CONTAINEDIN containedin_list SEMI .)
    TASK            reduce using rule 95 (task_containedin -> CONTAINEDIN containedin_list SEMI .)


state 262

    (98) containedin_list -> containedin_list COMMA . containedin_item
    (99) containedin_item -> . NAME
    (100) containedin_item -> . NAME offset offset
    (101) containedin_item -> . NAME NUMBER

    NAME            shift and go to state 202

    containedin_item               shift and go to state 313

state 263

    (100) containedin_item -> NAME offset . offset
    (102) offset -> . LBRACKET NUMBER COMMA NUMBER RBRACKET
    (103) offset -> . NUMBER

    LBRACKET        shift and go to state 265
    NUMBER          shift and go to state 315

    offset                         shift and go to state 314

state 264

    (101) containedin_item -> NAME NUMBER .
    (103) offset -> NUMBER .

    SEMI            reduce using rule 101 (containedin_item -> NAME NUMBER .)
    COMMA           reduce using rule 101 (containedin_item -> NAME NUMBER .)
    LBRACKET        reduce using rule 103 (offset -> NUMBER .)
    NUMBER          reduce using rule 103 (offset -> NUMBER .)


state 265

    (102) offset -> LBRACKET . NUMBER COMMA NUMBER RBRACKET

    NUMBER          shift and go to state 316


state 266

    (203) param_block -> PARAM LBRACE param_decl_list . RBRACE
    (206) param_decl_list -> param_decl_list . param_decl
    (207) param_decl -> . NAME EQ param_value SEMI

    RBRACE          shift and go to state 317
    NAME            shift and go to state 269

    param_decl                     shift and go to state 318

state 267

    (204) param_decl_list -> empty .

    RBRACE          reduce using rule 204 (param_decl_list -> empty .)
    NAME            reduce using rule 204 (param_decl_list -> empty .)


state 268

    (205) param_decl_list -> param_decl .

    RBRACE          reduce using rule 205 (param_decl_list -> param_decl .)
    NAME            reduce using rule 205 (param_decl_list -> param_decl .)


state 269

    (207) param_decl -> NAME . EQ param_value SEMI

    EQ              shift and go to state 319


state 270

    (107) constraints_block -> CONSTRAINTS LBRACE constraints_items . RBRACE
    (110) constraints_items -> constraints_items . constraints_item
    (111) constraints_item -> . pre_block
    (112) constraints_item -> . inv_block
    (113) constraints_item -> . post_block
    (114) pre_block -> . PRE LBRACE tlcon_list RBRACE
    (115) inv_block -> . INV LBRACE tlcon_list RBRACE
    (116) post_block -> . POST LBRACE tlcon_list RBRACE

    RBRACE          shift and go to state 320
    PRE             shift and go to state 127
    INV             shift and go to state 128
    POST            shift and go to state 129

    constraints_item               shift and go to state 321
    pre_block                      shift and go to state 273
    inv_block                      shift and go to state 274
    post_block                     shift and go to state 275

state 271

    (108) constraints_items -> empty .

    RBRACE          reduce using rule 108 (constraints_items -> empty .)
    PRE             reduce using rule 108 (constraints_items -> empty .)
    INV             reduce using rule 108 (constraints_items -> empty .)
    POST            reduce using rule 108 (constraints_items -> empty .)


state 272

    (109) constraints_items -> constraints_item .

    RBRACE          reduce using rule 109 (constraints_items -> constraints_item .)
    PRE             reduce using rule 109 (constraints_items -> constraints_item .)
    INV             reduce using rule 109 (constraints_items -> constraints_item .)
    POST            reduce using rule 109 (constraints_items -> constraints_item .)


state 273

    (111) constraints_item -> pre_block .

    RBRACE          reduce using rule 111 (constraints_item -> pre_block .)
    PRE             reduce using rule 111 (constraints_item -> pre_block .)
    INV             reduce using rule 111 (constraints_item -> pre_block .)
    POST            reduce using rule 111 (constraints_item -> pre_block .)


state 274

    (112) constraints_item -> inv_block .

    RBRACE          reduce using rule 112 (constraints_item -> inv_block .)
    PRE             reduce using rule 112 (constraints_item -> inv_block .)
    INV             reduce using rule 112 (constraints_item -> inv_block .)
    POST            reduce using rule 112 (constraints_item -> inv_block .)


state 275

    (113) constraints_item -> post_block .

    RBRACE          reduce using rule 113 (constraints_item -> post_block .)
    PRE             reduce using rule 113 (constraints_item -> post_block .)
    INV             reduce using rule 113 (constraints_item -> post_block .)
    POST            reduce using rule 113 (constraints_item -> post_block .)


state 276

    (114) pre_block -> PRE LBRACE tlcon_list . RBRACE
    (119) tlcon_list -> tlcon_list . tlcon_stmt
    (120) tlcon_stmt -> . NAME EQ value SEMI
    (121) tlcon_stmt -> . NAME IN con_list SEMI

    RBRACE          shift and go to state 322
    NAME            shift and go to state 48

    tlcon_stmt                     shift and go to state 91

state 277

    (115) inv_block -> INV LBRACE tlcon_list . RBRACE
    (119) tlcon_list -> tlcon_list . tlcon_stmt
    (120) tlcon_stmt -> . NAME EQ value SEMI
    (121) tlcon_stmt -> . NAME IN con_list SEMI

    RBRACE          shift and go to state 323
    NAME            shift and go to state 48

    tlcon_stmt                     shift and go to state 91

state 278

    (116) post_block -> POST LBRACE tlcon_list . RBRACE
    (119) tlcon_list -> tlcon_list . tlcon_stmt
    (120) tlcon_stmt -> . NAME EQ value SEMI
    (121) tlcon_stmt -> . NAME IN con_list SEMI

    RBRACE          shift and go to state 324
    NAME            shift and go to state 48

    tlcon_stmt                     shift and go to state 91

state 279

    (128) impacts_block -> IMPACTS LBRACE impact_group_list . RBRACE
    (131) impact_group_list -> impact_group_list . impact_group
    (132) impact_group -> . impact_when LBRACE impact_group_entries RBRACE
    (133) impact_when -> . PRE
    (134) impact_when -> . MAINT
    (135) impact_when -> . POST

    RBRACE          shift and go to state 325
    PRE             shift and go to state 283
    MAINT           shift and go to state 284
    POST            shift and go to state 285

    impact_group                   shift and go to state 326
    impact_when                    shift and go to state 282

state 280

    (129) impact_group_list -> empty .

    RBRACE          reduce using rule 129 (impact_group_list -> empty .)
    PRE             reduce using rule 129 (impact_group_list -> empty .)
    MAINT           reduce using rule 129 (impact_group_list -> empty .)
    POST            reduce using rule 129 (impact_group_list -> empty .)


state 281

    (130) impact_group_list -> impact_group .

    RBRACE          reduce using rule 130 (impact_group_list -> impact_group .)
    PRE             reduce using rule 130 (impact_group_list -> impact_group .)
    MAINT           reduce using rule 130 (impact_group_list -> impact_group .)
    POST            reduce using rule 130 (impact_group_list -> impact_group .)


state 282

    (132) impact_group -> impact_when . LBRACE impact_group_entries RBRACE

    LBRACE          shift and go to state 327


state 283

    (133) impact_when -> PRE .

    LBRACE          reduce using rule 133 (impact_when -> PRE .)


state 284

    (134) impact_when -> MAINT .

    LBRACE          reduce using rule 134 (impact_when -> MAINT .)


state 285

    (135) impact_when -> POST .

    LBRACE          reduce using rule 135 (impact_when -> POST .)


state 286

    (50) task_def -> task_modifier_opt TASK NAME extends_opt LBRACE task_body_items . RBRACE
    (63) task_body_items -> task_body_items . task_body_item
    (64) task_body_item -> . task_id
    (65) task_body_item -> . task_priority
    (66) task_body_item -> . task_start_range
    (67) task_body_item -> . task_end_range
    (68) task_body_item -> . task_duration_range
    (69) task_body_item -> . task_duration
    (70) task_body_item -> . task_start_opt
    (71) task_body_item -> . task_after
    (72) task_body_item -> . task_containedin
    (73) task_body_item -> . param_block
    (74) task_body_item -> . constraints_block
    (75) task_body_item -> . pre_block
    (76) task_body_item -> . inv_block
    (77) task_body_item -> . post_block
    (78) task_body_item -> . task_impacts
    (79) task_body_item -> . task_def
    (80) task_id -> . ID_KW NUMBER SEMI
    (81) task_priority -> . PRIORITY NUMBER SEMI
    (82) task_start_range -> . START_RANGE range SEMI
    (83) task_end_range -> . END_RANGE range SEMI
    (84) task_duration_range -> . DURATION_RANGE range SEMI
    (85) task_duration -> . DURATION value SEMI
    (86) task_start_opt -> . START_KW NUMBER SEMI
    (87) task_start_opt -> . empty
    (88) task_after -> . AFTER after_list SEMI
    (95) task_containedin -> . CONTAINEDIN containedin_list SEMI
    (203) param_block -> . PARAM LBRACE param_decl_list RBRACE
    (107) constraints_block -> . CONSTRAINTS LBRACE constraints_items RBRACE
    (114) pre_block -> . PRE LBRACE tlcon_list RBRACE
    (115) inv_block -> . INV LBRACE tlcon_list RBRACE
    (116) post_block -> . POST LBRACE tlcon_list RBRACE
    (126) task_impacts -> . impacts_block
    (127) task_impacts -> . empty
    (49) task_def -> . TASKDEF NAME LBRACE task_body_items RBRACE
    (50) task_def -> . task_modifier_opt TASK NAME extends_opt LBRACE task_body_items RBRACE
    (51) task_def -> . task_modifier_opt TASK NAME extends_opt SEMI
    (54) task_def -> . task_modifier_opt TASK NAME LBRACKET NUMBER DOTDOT NUMBER RBRACKET extends_opt LBRACE task_body_items RBRACE
    (55) task_def -> . task_modifier_opt TASK NAME LBRACKET NUMBER RBRACKET extends_opt LBRACE task_body_items RBRACE
    (56) task_def -> . task_modifier_opt TASK NAME LBRACKET NUMBER DOTDOT NUMBER RBRACKET extends_opt SEMI
    (57) task_def -> . task_modifier_opt TASK NAME LBRACKET NUMBER RBRACKET extends_opt SEMI
    (1) empty -> .
    (128) impacts_block -> . IMPACTS LBRACE impact_group_list RBRACE
    (52) task_modifier_opt -> . empty
    (53) task_modifier_opt -> . OPTIONAL
    (58) task_modifier_opt -> . REQUEST

  ! shift/reduce conflict for RBRACE resolved as shift
  ! shift/reduce conflict for ID_KW resolved as shift
  ! shift/reduce conflict for PRIORITY resolved as shift
  ! shift/reduce conflict for START_RANGE resolved as shift
  ! shift/reduce conflict for END_RANGE resolved as shift
  ! shift/reduce conflict for DURATION_RANGE resolved as shift
  ! shift/reduce conflict for DURATION resolved as shift
  ! shift/reduce conflict for START_KW resolved as shift
  ! shift/reduce conflict for AFTER resolved as shift
  ! shift/reduce conflict for CONTAINEDIN resolved as shift
  ! shift/reduce conflict for PARAM resolved as shift
  ! shift/reduce conflict for CONSTRAINTS resolved as shift
  ! shift/reduce conflict for PRE resolved as shift
  ! shift/reduce conflict for INV resolved as shift
  ! shift/reduce conflict for POST resolved as shift
  ! shift/reduce conflict for TASKDEF resolved as shift
  ! shift/reduce conflict for IMPACTS resolved as shift
  ! shift/reduce conflict for OPTIONAL resolved as shift
  ! shift/reduce conflict for REQUEST resolved as shift
    RBRACE          shift and go to state 328
    ID_KW           shift and go to state 116
    PRIORITY        shift and go to state 117
    START_RANGE     shift and go to state 118
    END_RANGE       shift and go to state 119
    DURATION_RANGE  shift and go to state 120
    DURATION        shift and go to state 121
    START_KW        shift and go to state 122
    AFTER           shift and go to state 123
    CONTAINEDIN     shift and go to state 124
    PARAM           shift and go to state 125
    CONSTRAINTS     shift and go to state 126
    PRE             shift and go to state 127
    INV             shift and go to state 128
    POST            shift and go to state 129
    TASKDEF         shift and go to state 20
    TASK            reduce using rule 1 (empty -> .)
    IMPACTS         shift and go to state 131
    OPTIONAL        shift and go to state 25
    REQUEST         shift and go to state 26

  ! RBRACE          [ reduce using rule 1 (empty -> .) ]
  ! ID_KW           [ reduce using rule 1 (empty -> .) ]
  ! PRIORITY        [ reduce using rule 1 (empty -> .) ]
  ! START_RANGE     [ reduce using rule 1 (empty -> .) ]
  ! END_RANGE       [ reduce using rule 1 (empty -> .) ]
  ! DURATION_RANGE  [ reduce using rule 1 (empty -> .) ]
  ! DURATION        [ reduce using rule 1 (empty -> .) ]
  ! START_KW        [ reduce using rule 1 (empty -> .) ]
  ! AFTER           [ reduce using rule 1 (empty -> .) ]
  ! CONTAINEDIN     [ reduce using rule 1 (empty -> .) ]
  ! PARAM           [ reduce using rule 1 (empty -> .) ]
  ! CONSTRAINTS     [ reduce using rule 1 (empty -> .) ]
  ! PRE             [ reduce using rule 1 (empty -> .) ]
  ! INV             [ reduce using rule 1 (empty -> .) ]
  ! POST            [ reduce using rule 1 (empty -> .) ]
  ! TASKDEF         [ reduce using rule 1 (empty -> .) ]
  ! IMPACTS         [ reduce using rule 1 (empty -> .) ]
  ! OPTIONAL        [ reduce using rule 1 (empty -> .) ]
  ! REQUEST         [ reduce using rule 1 (empty -> .) ]

    task_modifier_opt              shift and go to state 21
    task_body_item                 shift and go to state 186
    task_id                        shift and go to state 100
    task_priority                  shift and go to state 101
    task_start_range               shift and go to state 102
    task_end_range                 shift and go to state 103
    task_duration_range            shift and go to state 104
    task_duration                  shift and go to state 105
    task_start_opt                 shift and go to state 106
    task_after                     shift and go to state 107
    task_containedin               shift and go to state 108
    param_block                    shift and go to state 109
    constraints_block              shift and go to state 110
    pre_block                      shift and go to state 111
    inv_block                      shift and go to state 112
    post_block                     shift and go to state 113
    task_impacts                   shift and go to state 114
    task_def                       shift and go to state 115
    empty                          shift and go to state 187
    impacts_block                  shift and go to state 130

state 287

    (54) task_def -> task_modifier_opt TASK NAME LBRACKET NUMBER DOTDOT . NUMBER RBRACKET extends_opt LBRACE task_body_items RBRACE
    (56) task_def -> task_modifier_opt TASK NAME LBRACKET NUMBER DOTDOT . NUMBER RBRACKET extends_opt SEMI

    NUMBER          shift and go to state 329


state 288

    (55) task_def -> task_modifier_opt TASK NAME LBRACKET NUMBER RBRACKET . extends_opt LBRACE task_body_items RBRACE
    (57) task_def -> task_modifier_opt TASK NAME LBRACKET NUMBER RBRACKET . extends_opt SEMI
    (59) extends_opt -> . empty
    (60) extends_opt -> . COLON NAME
    (1) empty -> .

    COLON           shift and go to state 135
    LBRACE          reduce using rule 1 (empty -> .)
    SEMI            reduce using rule 1 (empty -> .)

    extends_opt                    shift and go to state 330
    empty                          shift and go to state 134

state 289

    (151) temporal_prop -> PROP NAME COLON tl_formula . SEMI

    SEMI            shift and go to state 331


state 290

    (181) tl_atom -> NAME DOT START_KW cmp_op . NUMBER
    (183) tl_atom -> NAME DOT START_KW cmp_op . NAME DOT START_KW
    (184) tl_atom -> NAME DOT START_KW cmp_op . NAME DOT END

    NUMBER          shift and go to state 333
    NAME            shift and go to state 332


state 291

    (182) tl_atom -> NAME DOT END cmp_op . NUMBER
    (185) tl_atom -> NAME DOT END cmp_op . NAME DOT START_KW
    (186) tl_atom -> NAME DOT END cmp_op . NAME DOT END

    NUMBER          shift and go to state 335
    NAME            shift and go to state 334


state 292

    (175) tl_atom -> ACTIVE LPAREN NAME RPAREN .

    UNTIL           reduce using rule 175 (tl_atom -> ACTIVE LPAREN NAME RPAREN .)
    SINCE           reduce using rule 175 (tl_atom -> ACTIVE LPAREN NAME RPAREN .)
    AND             reduce using rule 175 (tl_atom -> ACTIVE LPAREN NAME RPAREN .)
    IMPLIES         reduce using rule 175 (tl_atom -> ACTIVE LPAREN NAME RPAREN .)
    IMPLIES_KW      reduce using rule 175 (tl_atom -> ACTIVE LPAREN NAME RPAREN .)
    OR              reduce using rule 175 (tl_atom -> ACTIVE LPAREN NAME RPAREN .)
    SEMI            reduce using rule 175 (tl_atom -> ACTIVE LPAREN NAME RPAREN .)
    RPAREN          reduce using rule 175 (tl_atom -> ACTIVE LPAREN NAME RPAREN .)


state 293

    (179) tl_atom -> TIME cmp_op NAME DOT . START_KW
    (180) tl_atom -> TIME cmp_op NAME DOT . END

    START_KW        shift and go to state 336
    END             shift and go to state 337


state 294

    (187) tl_atom -> SEQUENCE LBRACKET task_name_list RBRACKET .

    UNTIL           reduce using rule 187 (tl_atom -> SEQUENCE LBRACKET task_name_list RBRACKET .)
    SINCE           reduce using rule 187 (tl_atom -> SEQUENCE LBRACKET task_name_list RBRACKET .)
    AND             reduce using rule 187 (tl_atom -> SEQUENCE LBRACKET task_name_list RBRACKET .)
    IMPLIES         reduce using rule 187 (tl_atom -> SEQUENCE LBRACKET task_name_list RBRACKET .)
    IMPLIES_KW      reduce using rule 187 (tl_atom -> SEQUENCE LBRACKET task_name_list RBRACKET .)
    OR              reduce using rule 187 (tl_atom -> SEQUENCE LBRACKET task_name_list RBRACKET .)
    SEMI            reduce using rule 187 (tl_atom -> SEQUENCE LBRACKET task_name_list RBRACKET .)
    RPAREN          reduce using rule 187 (tl_atom -> SEQUENCE LBRACKET task_name_list RBRACKET .)


state 295

    (192) task_name_list -> task_name_list COMMA . NAME

    NAME            shift and go to state 338


state 296

    (188) tl_atom -> MUTEX LBRACKET task_name_list RBRACKET .
    (190) tl_atom -> MUTEX LBRACKET task_name_list RBRACKET . WITH LBRACKET task_name_list RBRACKET

    UNTIL           reduce using rule 188 (tl_atom -> MUTEX LBRACKET task_name_list RBRACKET .)
    SINCE           reduce using rule 188 (tl_atom -> MUTEX LBRACKET task_name_list RBRACKET .)
    AND             reduce using rule 188 (tl_atom -> MUTEX LBRACKET task_name_list RBRACKET .)
    IMPLIES         reduce using rule 188 (tl_atom -> MUTEX LBRACKET task_name_list RBRACKET .)
    IMPLIES_KW      reduce using rule 188 (tl_atom -> MUTEX LBRACKET task_name_list RBRACKET .)
    OR              reduce using rule 188 (tl_atom -> MUTEX LBRACKET task_name_list RBRACKET .)
    SEMI            reduce using rule 188 (tl_atom -> MUTEX LBRACKET task_name_list RBRACKET .)
    RPAREN          reduce using rule 188 (tl_atom -> MUTEX LBRACKET task_name_list RBRACKET .)
    WITH            shift and go to state 339


state 297

    (189) tl_atom -> MUTEX CROSS LBRACKET task_name_list . RBRACKET
    (192) task_name_list -> task_name_list . COMMA NAME

    RBRACKET        shift and go to state 340
    COMMA           shift and go to state 295


state 298

    (209) param_value -> LBRACKET NUMBER COMMA NUMBER . RBRACKET

    RBRACKET        shift and go to state 341


state 299

    (20) timeline_kind -> STATE LPAREN state_list . RPAREN EQ NAME
    (21) timeline_kind -> STATE LPAREN state_list . RPAREN EQ NUMBER
    (24) state_list -> state_list . COMMA NAME
    (25) state_list -> state_list . COMMA NUMBER

    RPAREN          shift and go to state 342
    COMMA           shift and go to state 343


state 300

    (22) state_list -> NAME .

    RPAREN          reduce using rule 22 (state_list -> NAME .)
    COMMA           reduce using rule 22 (state_list -> NAME .)


state 301

    (23) state_list -> NUMBER .

    RPAREN          reduce using rule 23 (state_list -> NUMBER .)
    COMMA           reduce using rule 23 (state_list -> NUMBER .)


state 302

    (41) init_int_opt -> EQ NUMBER .

    SEMI            reduce using rule 41 (init_int_opt -> EQ NUMBER .)


state 303

    (42) timeline_kind -> claim_kw range_opt init_opt .

    SEMI            reduce using rule 42 (timeline_kind -> claim_kw range_opt init_opt .)


state 304

    (36) init_opt -> empty .

    SEMI            reduce using rule 36 (init_opt -> empty .)
    INITIAL_RATE    reduce using rule 36 (init_opt -> empty .)


state 305

    (37) init_opt -> EQ . NUMBER

    NUMBER          shift and go to state 344


state 306

    (43) timeline_kind -> cumul_kw range_opt bounds_opt . init_opt
    (36) init_opt -> . empty
    (37) init_opt -> . EQ NUMBER
    (1) empty -> .

    EQ              shift and go to state 305
    SEMI            reduce using rule 1 (empty -> .)

    init_opt                       shift and go to state 345
    empty                          shift and go to state 304

state 307

    (34) bounds_opt -> empty .

    EQ              reduce using rule 34 (bounds_opt -> empty .)
    SEMI            reduce using rule 34 (bounds_opt -> empty .)
    INITIAL_RATE    reduce using rule 34 (bounds_opt -> empty .)


state 308

    (35) bounds_opt -> BOUNDS . range
    (31) range -> . LBRACKET NUMBER COMMA NUMBER RBRACKET

    LBRACKET        shift and go to state 183

    range                          shift and go to state 346

state 309

    (44) timeline_kind -> RATE range_opt bounds_opt . init_opt initial_rate_opt
    (36) init_opt -> . empty
    (37) init_opt -> . EQ NUMBER
    (1) empty -> .

    EQ              shift and go to state 305
    INITIAL_RATE    reduce using rule 1 (empty -> .)
    SEMI            reduce using rule 1 (empty -> .)

    init_opt                       shift and go to state 347
    empty                          shift and go to state 304

state 310

    (31) range -> LBRACKET NUMBER COMMA . NUMBER RBRACKET

    NUMBER          shift and go to state 348


state 311

    (91) after_list -> after_list COMMA after_item .

    SEMI            reduce using rule 91 (after_list -> after_list COMMA after_item .)
    COMMA           reduce using rule 91 (after_list -> after_list COMMA after_item .)


state 312

    (93) after_item -> NAME LBRACKET NUMBER . COMMA NUMBER RBRACKET

    COMMA           shift and go to state 349


state 313

    (98) containedin_list -> containedin_list COMMA containedin_item .

    SEMI            reduce using rule 98 (containedin_list -> containedin_list COMMA containedin_item .)
    COMMA           reduce using rule 98 (containedin_list -> containedin_list COMMA containedin_item .)


state 314

    (100) containedin_item -> NAME offset offset .

    SEMI            reduce using rule 100 (containedin_item -> NAME offset offset .)
    COMMA           reduce using rule 100 (containedin_item -> NAME offset offset .)


state 315

    (103) offset -> NUMBER .

    SEMI            reduce using rule 103 (offset -> NUMBER .)
    COMMA           reduce using rule 103 (offset -> NUMBER .)


state 316

    (102) offset -> LBRACKET NUMBER . COMMA NUMBER RBRACKET

    COMMA           shift and go to state 350


state 317

    (203) param_block -> PARAM LBRACE param_decl_list RBRACE .

    RBRACE          reduce using rule 203 (param_block -> PARAM LBRACE param_decl_list RBRACE .)
    ID_KW           reduce using rule 203 (param_block -> PARAM LBRACE param_decl_list RBRACE .)
    PRIORITY        reduce using rule 203 (param_block -> PARAM LBRACE param_decl_list RBRACE .)
    START_RANGE     reduce using rule 203 (param_block -> PARAM LBRACE param_decl_list RBRACE .)
    END_RANGE       reduce using rule 203 (param_block -> PARAM LBRACE param_decl_list RBRACE .)
    DURATION_RANGE  reduce using rule 203 (param_block -> PARAM LBRACE param_decl_list RBRACE .)
    DURATION        reduce using rule 203 (param_block -> PARAM LBRACE param_decl_list RBRACE .)
    START_KW        reduce using rule 203 (param_block -> PARAM LBRACE param_decl_list RBRACE .)
    AFTER           reduce using rule 203 (param_block -> PARAM LBRACE param_decl_list RBRACE .)
    CONTAINEDIN     reduce using rule 203 (param_block -> PARAM LBRACE param_decl_list RBRACE .)
    PARAM           reduce using rule 203 (param_block -> PARAM LBRACE param_decl_list RBRACE .)
    CONSTRAINTS     reduce using rule 203 (param_block -> PARAM LBRACE param_decl_list RBRACE .)
    PRE             reduce using rule 203 (param_block -> PARAM LBRACE param_decl_list RBRACE .)
    INV             reduce using rule 203 (param_block -> PARAM LBRACE param_decl_list RBRACE .)
    POST            reduce using rule 203 (param_block -> PARAM LBRACE param_decl_list RBRACE .)
    TASKDEF         reduce using rule 203 (param_block -> PARAM LBRACE param_decl_list RBRACE .)
    IMPACTS         reduce using rule 203 (param_block -> PARAM LBRACE param_decl_list RBRACE .)
    OPTIONAL        reduce using rule 203 (param_block -> PARAM LBRACE param_decl_list RBRACE .)
    REQUEST         reduce using rule 203 (param_block -> PARAM LBRACE param_decl_list RBRACE .)
    TASK            reduce using rule 203 (param_block -> PARAM LBRACE param_decl_list RBRACE .)


state 318

    (206) param_decl_list -> param_decl_list param_decl .

    RBRACE          reduce using rule 206 (param_decl_list -> param_decl_list param_decl .)
    NAME            reduce using rule 206 (param_decl_list -> param_decl_list param_decl .)


state 319

    (207) param_decl -> NAME EQ . param_value SEMI
    (208) param_value -> . value
    (209) param_value -> . LBRACKET NUMBER COMMA NUMBER RBRACKET
    (198) value -> . STRING
    (199) value -> . NUMBER
    (200) value -> . TRUE
    (201) value -> . FALSE
    (202) value -> . NAME

    LBRACKET        shift and go to state 81
    STRING          shift and go to state 83
    NUMBER          shift and go to state 82
    TRUE            shift and go to state 84
    FALSE           shift and go to state 85
    NAME            shift and go to state 78

    param_value                    shift and go to state 351
    value                          shift and go to state 80

state 320

    (107) constraints_block -> CONSTRAINTS LBRACE constraints_items RBRACE .

    RBRACE          reduce using rule 107 (constraints_block -> CONSTRAINTS LBRACE constraints_items RBRACE .)
    ID_KW           reduce using rule 107 (constraints_block -> CONSTRAINTS LBRACE constraints_items RBRACE .)
    PRIORITY        reduce using rule 107 (constraints_block -> CONSTRAINTS LBRACE constraints_items RBRACE .)
    START_RANGE     reduce using rule 107 (constraints_block -> CONSTRAINTS LBRACE constraints_items RBRACE .)
    END_RANGE       reduce using rule 107 (constraints_block -> CONSTRAINTS LBRACE constraints_items RBRACE .)
    DURATION_RANGE  reduce using rule 107 (constraints_block -> CONSTRAINTS LBRACE constraints_items RBRACE .)
    DURATION        reduce using rule 107 (constraints_block -> CONSTRAINTS LBRACE constraints_items RBRACE .)
    START_KW        reduce using rule 107 (constraints_block -> CONSTRAINTS LBRACE constraints_items RBRACE .)
    AFTER           reduce using rule 107 (constraints_block -> CONSTRAINTS LBRACE constraints_items RBRACE .)
    CONTAINEDIN     reduce using rule 107 (constraints_block -> CONSTRAINTS LBRACE constraints_items RBRACE .)
    PARAM           reduce using rule 107 (constraints_block -> CONSTRAINTS LBRACE constraints_items RBRACE .)
    CONSTRAINTS     reduce using rule 107 (constraints_block -> CONSTRAINTS LBRACE constraints_items RBRACE .)
    PRE             reduce using rule 107 (constraints_block -> CONSTRAINTS LBRACE constraints_items RBRACE .)
    INV             reduce using rule 107 (constraints_block -> CONSTRAINTS LBRACE constraints_items RBRACE .)
    POST            reduce using rule 107 (constraints_block -> CONSTRAINTS LBRACE constraints_items RBRACE .)
    TASKDEF         reduce using rule 107 (constraints_block -> CONSTRAINTS LBRACE constraints_items RBRACE .)
    IMPACTS         reduce using rule 107 (constraints_block -> CONSTRAINTS LBRACE constraints_items RBRACE .)
    OPTIONAL        reduce using rule 107 (constraints_block -> CONSTRAINTS LBRACE constraints_items RBRACE .)
    REQUEST         reduce using rule 107 (constraints_block -> CONSTRAINTS LBRACE constraints_items RBRACE .)
    TASK            reduce using rule 107 (constraints_block -> CONSTRAINTS LBRACE constraints_items RBRACE .)


state 321

    (110) constraints_items -> constraints_items constraints_item .

    RBRACE          reduce using rule 110 (constraints_items -> constraints_items constraints_item .)
    PRE             reduce using rule 110 (constraints_items -> constraints_items constraints_item .)
    INV             reduce using rule 110 (constraints_items -> constraints_items constraints_item .)
    POST            reduce using rule 110 (constraints_items -> constraints_items constraints_item .)


state 322

    (114) pre_block -> PRE LBRACE tlcon_list RBRACE .

    RBRACE          reduce using rule 114 (pre_block -> PRE LBRACE tlcon_list RBRACE .)
    ID_KW           reduce using rule 114 (pre_block -> PRE LBRACE tlcon_list RBRACE .)
    PRIORITY        reduce using rule 114 (pre_block -> PRE LBRACE tlcon_list RBRACE .)
    START_RANGE     reduce using rule 114 (pre_block -> PRE LBRACE tlcon_list RBRACE .)
    END_RANGE       reduce using rule 114 (pre_block -> PRE LBRACE tlcon_list RBRACE .)
    DURATION_RANGE  reduce using rule 114 (pre_block -> PRE LBRACE tlcon_list RBRACE .)
    DURATION        reduce using rule 114 (pre_block -> PRE LBRACE tlcon_list RBRACE .)
    START_KW        reduce using rule 114 (pre_block -> PRE LBRACE tlcon_list RBRACE .)
    AFTER           reduce using rule 114 (pre_block -> PRE LBRACE tlcon_list RBRACE .)
    CONTAINEDIN     reduce using rule 114 (pre_block -> PRE LBRACE tlcon_list RBRACE .)
    PARAM           reduce using rule 114 (pre_block -> PRE LBRACE tlcon_list RBRACE .)
    CONSTRAINTS     reduce using rule 114 (pre_block -> PRE LBRACE tlcon_list RBRACE .)
    PRE             reduce using rule 114 (pre_block -> PRE LBRACE tlcon_list RBRACE .)
    INV             reduce using rule 114 (pre_block -> PRE LBRACE tlcon_list RBRACE .)
    POST            reduce using rule 114 (pre_block -> PRE LBRACE tlcon_list RBRACE .)
    TASKDEF         reduce using rule 114 (pre_block -> PRE LBRACE tlcon_list RBRACE .)
    IMPACTS         reduce using rule 114 (pre_block -> PRE LBRACE tlcon_list RBRACE .)
    OPTIONAL        reduce using rule 114 (pre_block -> PRE LBRACE tlcon_list RBRACE .)
    REQUEST         reduce using rule 114 (pre_block -> PRE LBRACE tlcon_list RBRACE .)
    TASK            reduce using rule 114 (pre_block -> PRE LBRACE tlcon_list RBRACE .)


state 323

    (115) inv_block -> INV LBRACE tlcon_list RBRACE .

    RBRACE          reduce using rule 115 (inv_block -> INV LBRACE tlcon_list RBRACE .)
    ID_KW           reduce using rule 115 (inv_block -> INV LBRACE tlcon_list RBRACE .)
    PRIORITY        reduce using rule 115 (inv_block -> INV LBRACE tlcon_list RBRACE .)
    START_RANGE     reduce using rule 115 (inv_block -> INV LBRACE tlcon_list RBRACE .)
    END_RANGE       reduce using rule 115 (inv_block -> INV LBRACE tlcon_list RBRACE .)
    DURATION_RANGE  reduce using rule 115 (inv_block -> INV LBRACE tlcon_list RBRACE .)
    DURATION        reduce using rule 115 (inv_block -> INV LBRACE tlcon_list RBRACE .)
    START_KW        reduce using rule 115 (inv_block -> INV LBRACE tlcon_list RBRACE .)
    AFTER           reduce using rule 115 (inv_block -> INV LBRACE tlcon_list RBRACE .)
    CONTAINEDIN     reduce using rule 115 (inv_block -> INV LBRACE tlcon_list RBRACE .)
    PARAM           reduce using rule 115 (inv_block -> INV LBRACE tlcon_list RBRACE .)
    CONSTRAINTS     reduce using rule 115 (inv_block -> INV LBRACE tlcon_list RBRACE .)
    PRE             reduce using rule 115 (inv_block -> INV LBRACE tlcon_list RBRACE .)
    INV             reduce using rule 115 (inv_block -> INV LBRACE tlcon_list RBRACE .)
    POST            reduce using rule 115 (inv_block -> INV LBRACE tlcon_list RBRACE .)
    TASKDEF         reduce using rule 115 (inv_block -> INV LBRACE tlcon_list RBRACE .)
    IMPACTS         reduce using rule 115 (inv_block -> INV LBRACE tlcon_list RBRACE .)
    OPTIONAL        reduce using rule 115 (inv_block -> INV LBRACE tlcon_list RBRACE .)
    REQUEST         reduce using rule 115 (inv_block -> INV LBRACE tlcon_list RBRACE .)
    TASK            reduce using rule 115 (inv_block -> INV LBRACE tlcon_list RBRACE .)


state 324

    (116) post_block -> POST LBRACE tlcon_list RBRACE .

    RBRACE          reduce using rule 116 (post_block -> POST LBRACE tlcon_list RBRACE .)
    ID_KW           reduce using rule 116 (post_block -> POST LBRACE tlcon_list RBRACE .)
    PRIORITY        reduce using rule 116 (post_block -> POST LBRACE tlcon_list RBRACE .)
    START_RANGE     reduce using rule 116 (post_block -> POST LBRACE tlcon_list RBRACE .)
    END_RANGE       reduce using rule 116 (post_block -> POST LBRACE tlcon_list RBRACE .)
    DURATION_RANGE  reduce using rule 116 (post_block -> POST LBRACE tlcon_list RBRACE .)
    DURATION        reduce using rule 116 (post_block -> POST LBRACE tlcon_list RBRACE .)
    START_KW        reduce using rule 116 (post_block -> POST LBRACE tlcon_list RBRACE .)
    AFTER           reduce using rule 116 (post_block -> POST LBRACE tlcon_list RBRACE .)
    CONTAINEDIN     reduce using rule 116 (post_block -> POST LBRACE tlcon_list RBRACE .)
    PARAM           reduce using rule 116 (post_block -> POST LBRACE tlcon_list RBRACE .)
    CONSTRAINTS     reduce using rule 116 (post_block -> POST LBRACE tlcon_list RBRACE .)
    PRE             reduce using rule 116 (post_block -> POST LBRACE tlcon_list RBRACE .)
    INV             reduce using rule 116 (post_block -> POST LBRACE tlcon_list RBRACE .)
    POST            reduce using rule 116 (post_block -> POST LBRACE tlcon_list RBRACE .)
    TASKDEF         reduce using rule 116 (post_block -> POST LBRACE tlcon_list RBRACE .)
    IMPACTS         reduce using rule 116 (post_block -> POST LBRACE tlcon_list RBRACE .)
    OPTIONAL        reduce using rule 116 (post_block -> POST LBRACE tlcon_list RBRACE .)
    REQUEST         reduce using rule 116 (post_block -> POST LBRACE tlcon_list RBRACE .)
    TASK            reduce using rule 116 (post_block -> POST LBRACE tlcon_list RBRACE .)


state 325

    (128) impacts_block -> IMPACTS LBRACE impact_group_list RBRACE .

    RBRACE          reduce using rule 128 (impacts_block -> IMPACTS LBRACE impact_group_list RBRACE .)
    ID_KW           reduce using rule 128 (impacts_block -> IMPACTS LBRACE impact_group_list RBRACE .)
    PRIORITY        reduce using rule 128 (impacts_block -> IMPACTS LBRACE impact_group_list RBRACE .)
    START_RANGE     reduce using rule 128 (impacts_block -> IMPACTS LBRACE impact_group_list RBRACE .)
    END_RANGE       reduce using rule 128 (impacts_block -> IMPACTS LBRACE impact_group_list RBRACE .)
    DURATION_RANGE  reduce using rule 128 (impacts_block -> IMPACTS LBRACE impact_group_list RBRACE .)
    DURATION        reduce using rule 128 (impacts_block -> IMPACTS LBRACE impact_group_list RBRACE .)
    START_KW        reduce using rule 128 (impacts_block -> IMPACTS LBRACE impact_group_list RBRACE .)
    AFTER           reduce using rule 128 (impacts_block -> IMPACTS LBRACE impact_group_list RBRACE .)
    CONTAINEDIN     reduce using rule 128 (impacts_block -> IMPACTS LBRACE impact_group_list RBRACE .)
    PARAM           reduce using rule 128 (impacts_block -> IMPACTS LBRACE impact_group_list RBRACE .)
    CONSTRAINTS     reduce using rule 128 (impacts_block -> IMPACTS LBRACE impact_group_list RBRACE .)
    PRE             reduce using rule 128 (impacts_block -> IMPACTS LBRACE impact_group_list RBRACE .)
    INV             reduce using rule 128 (impacts_block -> IMPACTS LBRACE impact_group_list RBRACE .)
    POST            reduce using rule 128 (impacts_block -> IMPACTS LBRACE impact_group_list RBRACE .)
    TASKDEF         reduce using rule 128 (impacts_block -> IMPACTS LBRACE impact_group_list RBRACE .)
    IMPACTS         reduce using rule 128 (impacts_block -> IMPACTS LBRACE impact_group_list RBRACE .)
    OPTIONAL        reduce using rule 128 (impacts_block -> IMPACTS LBRACE impact_group_list RBRACE .)
    REQUEST         reduce using rule 128 (impacts_block -> IMPACTS LBRACE impact_group_list RBRACE .)
    TASK            reduce using rule 128 (impacts_block -> IMPACTS LBRACE impact_group_list RBRACE .)


state 326

    (131) impact_group_list -> impact_group_list impact_group .

    RBRACE          reduce using rule 131 (impact_group_list -> impact_group_list impact_group .)
    PRE             reduce using rule 131 (impact_group_list -> impact_group_list impact_group .)
    MAINT           reduce using rule 131 (impact_group_list -> impact_group_list impact_group .)
    POST            reduce using rule 131 (impact_group_list -> impact_group_list impact_group .)


state 327

    (132) impact_group -> impact_when LBRACE . impact_group_entries RBRACE
    (136) impact_group_entries -> . empty
    (137) impact_group_entries -> . impact_group_entry
    (138) impact_group_entries -> . impact_group_entries impact_group_entry
    (1) empty -> .
    (139) impact_group_entry -> . NAME impact_rhs SEMI

  ! shift/reduce conflict for NAME resolved as shift
    RBRACE          reduce using rule 1 (empty -> .)
    NAME            shift and go to state 355

  ! NAME            [ reduce using rule 1 (empty -> .) ]

    impact_group_entries           shift and go to state 352
    empty                          shift and go to state 353
    impact_group_entry             shift and go to state 354

state 328

    (50) task_def -> task_modifier_opt TASK NAME extends_opt LBRACE task_body_items RBRACE .

    RBRACE          reduce using rule 50 (task_def -> task_modifier_opt TASK NAME extends_opt LBRACE task_body_items RBRACE .)
    PARAM           reduce using rule 50 (task_def -> task_modifier_opt TASK NAME extends_opt LBRACE task_body_items RBRACE .)
    END             reduce using rule 50 (task_def -> task_modifier_opt TASK NAME extends_opt LBRACE task_body_items RBRACE .)
    TIMELINES       reduce using rule 50 (task_def -> task_modifier_opt TASK NAME extends_opt LBRACE task_body_items RBRACE .)
    INITIAL         reduce using rule 50 (task_def -> task_modifier_opt TASK NAME extends_opt LBRACE task_body_items RBRACE .)
    FINAL           reduce using rule 50 (task_def -> task_modifier_opt TASK NAME extends_opt LBRACE task_body_items RBRACE .)
    TASKDEF         reduce using rule 50 (task_def -> task_modifier_opt TASK NAME extends_opt LBRACE task_body_items RBRACE .)
    CONSTRAINTS     reduce using rule 50 (task_def -> task_modifier_opt TASK NAME extends_opt LBRACE task_body_items RBRACE .)
    PROPERTIES      reduce using rule 50 (task_def -> task_modifier_opt TASK NAME extends_opt LBRACE task_body_items RBRACE .)
    OPTIONAL        reduce using rule 50 (task_def -> task_modifier_opt TASK NAME extends_opt LBRACE task_body_items RBRACE .)
    REQUEST         reduce using rule 50 (task_def -> task_modifier_opt TASK NAME extends_opt LBRACE task_body_items RBRACE .)
    TASK            reduce using rule 50 (task_def -> task_modifier_opt TASK NAME extends_opt LBRACE task_body_items RBRACE .)
    ID_KW           reduce using rule 50 (task_def -> task_modifier_opt TASK NAME extends_opt LBRACE task_body_items RBRACE .)
    PRIORITY        reduce using rule 50 (task_def -> task_modifier_opt TASK NAME extends_opt LBRACE task_body_items RBRACE .)
    START_RANGE     reduce using rule 50 (task_def -> task_modifier_opt TASK NAME extends_opt LBRACE task_body_items RBRACE .)
    END_RANGE       reduce using rule 50 (task_def -> task_modifier_opt TASK NAME extends_opt LBRACE task_body_items RBRACE .)
    DURATION_RANGE  reduce using rule 50 (task_def -> task_modifier_opt TASK NAME extends_opt LBRACE task_body_items RBRACE .)
    DURATION        reduce using rule 50 (task_def -> task_modifier_opt TASK NAME extends_opt LBRACE task_body_items RBRACE .)
    START_KW        reduce using rule 50 (task_def -> task_modifier_opt TASK NAME extends_opt LBRACE task_body_items RBRACE .)
    AFTER           reduce using rule 50 (task_def -> task_modifier_opt TASK NAME extends_opt LBRACE task_body_items RBRACE .)
    CONTAINEDIN     reduce using rule 50 (task_def -> task_modifier_opt TASK NAME extends_opt LBRACE task_body_items RBRACE .)
    PRE             reduce using rule 50 (task_def -> task_modifier_opt TASK NAME extends_opt LBRACE task_body_items RBRACE .)
    INV             reduce using rule 50 (task_def -> task_modifier_opt TASK NAME extends_opt LBRACE task_body_items RBRACE .)
    POST            reduce using rule 50 (task_def -> task_modifier_opt TASK NAME extends_opt LBRACE task_body_items RBRACE .)
    IMPACTS         reduce using rule 50 (task_def -> task_modifier_opt TASK NAME extends_opt LBRACE task_body_items RBRACE .)


state 329

    (54) task_def -> task_modifier_opt TASK NAME LBRACKET NUMBER DOTDOT NUMBER . RBRACKET extends_opt LBRACE task_body_items RBRACE
    (56) task_def -> task_modifier_opt TASK NAME LBRACKET NUMBER DOTDOT NUMBER . RBRACKET extends_opt SEMI

    RBRACKET        shift and go to state 356


state 330

    (55) task_def -> task_modifier_opt TASK NAME LBRACKET NUMBER RBRACKET extends_opt . LBRACE task_body_items RBRACE
    (57) task_def -> task_modifier_opt TASK NAME LBRACKET NUMBER RBRACKET extends_opt . SEMI

    LBRACE          shift and go to state 357
    SEMI            shift and go to state 358


state 331

    (151) temporal_prop -> PROP NAME COLON tl_formula SEMI .

    RBRACE          reduce using rule 151 (temporal_prop -> PROP NAME COLON tl_formula SEMI .)
    PROP            reduce using rule 151 (temporal_prop -> PROP NAME COLON tl_formula SEMI .)
    NOT             reduce using rule 151 (temporal_prop -> PROP NAME COLON tl_formula SEMI .)
    ALWAYS          reduce using rule 151 (temporal_prop -> PROP NAME COLON tl_formula SEMI .)
    EVENTUALLY      reduce using rule 151 (temporal_prop -> PROP NAME COLON tl_formula SEMI .)
    SOFAR           reduce using rule 151 (temporal_prop -> PROP NAME COLON tl_formula SEMI .)
    ONCE            reduce using rule 151 (temporal_prop -> PROP NAME COLON tl_formula SEMI .)
    LPAREN          reduce using rule 151 (temporal_prop -> PROP NAME COLON tl_formula SEMI .)
    NAME            reduce using rule 151 (temporal_prop -> PROP NAME COLON tl_formula SEMI .)
    ACTIVE          reduce using rule 151 (temporal_prop -> PROP NAME COLON tl_formula SEMI .)
    TRUE            reduce using rule 151 (temporal_prop -> PROP NAME COLON tl_formula SEMI .)
    FALSE           reduce using rule 151 (temporal_prop -> PROP NAME COLON tl_formula SEMI .)
    TIME            reduce using rule 151 (temporal_prop -> PROP NAME COLON tl_formula SEMI .)
    SEQUENCE        reduce using rule 151 (temporal_prop -> PROP NAME COLON tl_formula SEMI .)
    MUTEX           reduce using rule 151 (temporal_prop -> PROP NAME COLON tl_formula SEMI .)


state 332

    (183) tl_atom -> NAME DOT START_KW cmp_op NAME . DOT START_KW
    (184) tl_atom -> NAME DOT START_KW cmp_op NAME . DOT END

    DOT             shift and go to state 359


state 333

    (181) tl_atom -> NAME DOT START_KW cmp_op NUMBER .

    UNTIL           reduce using rule 181 (tl_atom -> NAME DOT START_KW cmp_op NUMBER .)
    SINCE           reduce using rule 181 (tl_atom -> NAME DOT START_KW cmp_op NUMBER .)
    AND             reduce using rule 181 (tl_atom -> NAME DOT START_KW cmp_op NUMBER .)
    IMPLIES         reduce using rule 181 (tl_atom -> NAME DOT START_KW cmp_op NUMBER .)
    IMPLIES_KW      reduce using rule 181 (tl_atom -> NAME DOT START_KW cmp_op NUMBER .)
    OR              reduce using rule 181 (tl_atom -> NAME DOT START_KW cmp_op NUMBER .)
    SEMI            reduce using rule 181 (tl_atom -> NAME DOT START_KW cmp_op NUMBER .)
    RPAREN          reduce using rule 181 (tl_atom -> NAME DOT START_KW cmp_op NUMBER .)


state 334

    (185) tl_atom -> NAME DOT END cmp_op NAME . DOT START_KW
    (186) tl_atom -> NAME DOT END cmp_op NAME . DOT END

    DOT             shift and go to state 360


state 335

    (182) tl_atom -> NAME DOT END cmp_op NUMBER .

    UNTIL           reduce using rule 182 (tl_atom -> NAME DOT END cmp_op NUMBER .)
    SINCE           reduce using rule 182 (tl_atom -> NAME DOT END cmp_op NUMBER .)
    AND             reduce using rule 182 (tl_atom -> NAME DOT END cmp_op NUMBER .)
    IMPLIES         reduce using rule 182 (tl_atom -> NAME DOT END cmp_op NUMBER .)
    IMPLIES_KW      reduce using rule 182 (tl_atom -> NAME DOT END cmp_op NUMBER .)
    OR              reduce using rule 182 (tl_atom -> NAME DOT END cmp_op NUMBER .)
    SEMI            reduce using rule 182 (tl_atom -> NAME DOT END cmp_op NUMBER .)
    RPAREN          reduce using rule 182 (tl_atom -> NAME DOT END cmp_op NUMBER .)


state 336

    (179) tl_atom -> TIME cmp_op NAME DOT START_KW .

    UNTIL           reduce using rule 179 (tl_atom -> TIME cmp_op NAME DOT START_KW .)
    SINCE           reduce using rule 179 (tl_atom -> TIME cmp_op NAME DOT START_KW .)
    AND             reduce using rule 179 (tl_atom -> TIME cmp_op NAME DOT START_KW .)
    IMPLIES         reduce using rule 179 (tl_atom -> TIME cmp_op NAME DOT START_KW .)
    IMPLIES_KW      reduce using rule 179 (tl_atom -> TIME cmp_op NAME DOT START_KW .)
    OR              reduce using rule 179 (tl_atom -> TIME cmp_op NAME DOT START_KW .)
    SEMI            reduce using rule 179 (tl_atom -> TIME cmp_op NAME DOT START_KW .)
    RPAREN          reduce using rule 179 (tl_atom -> TIME cmp_op NAME DOT START_KW .)


state 337

    (180) tl_atom -> TIME cmp_op NAME DOT END .

    UNTIL           reduce using rule 180 (tl_atom -> TIME cmp_op NAME DOT END .)
    SINCE           reduce using rule 180 (tl_atom -> TIME cmp_op NAME DOT END .)
    AND             reduce using rule 180 (tl_atom -> TIME cmp_op NAME DOT END .)
    IMPLIES         reduce using rule 180 (tl_atom -> TIME cmp_op NAME DOT END .)
    IMPLIES_KW      reduce using rule 180 (tl_atom -> TIME cmp_op NAME DOT END .)
    OR              reduce using rule 180 (tl_atom -> TIME cmp_op NAME DOT END .)
    SEMI            reduce using rule 180 (tl_atom -> TIME cmp_op NAME DOT END .)
    RPAREN          reduce using rule 180 (tl_atom -> TIME cmp_op NAME DOT END .)


state 338

    (192) task_name_list -> task_name_list COMMA NAME .

    RBRACKET        reduce using rule 192 (task_name_list -> task_name_list COMMA NAME .)
    COMMA           reduce using rule 192 (task_name_list -> task_name_list COMMA NAME .)


state 339

    (190) tl_atom -> MUTEX LBRACKET task_name_list RBRACKET WITH . LBRACKET task_name_list RBRACKET

    LBRACKET        shift and go to state 361


state 340

    (189) tl_atom -> MUTEX CROSS LBRACKET task_name_list RBRACKET .

    UNTIL           reduce using rule 189 (tl_atom -> MUTEX CROSS LBRACKET task_name_list RBRACKET .)
    SINCE           reduce using rule 189 (tl_atom -> MUTEX CROSS LBRACKET task_name_list RBRACKET .)
    AND             reduce using rule 189 (tl_atom -> MUTEX CROSS LBRACKET task_name_list RBRACKET .)
    IMPLIES         reduce using rule 189 (tl_atom -> MUTEX CROSS LBRACKET task_name_list RBRACKET .)
    IMPLIES_KW      reduce using rule 189 (tl_atom -> MUTEX CROSS LBRACKET task_name_list RBRACKET .)
    OR              reduce using rule 189 (tl_atom -> MUTEX CROSS LBRACKET task_name_list RBRACKET .)
    SEMI            reduce using rule 189 (tl_atom -> MUTEX CROSS LBRACKET task_name_list RBRACKET .)
    RPAREN          reduce using rule 189 (tl_atom -> MUTEX CROSS LBRACKET task_name_list RBRACKET .)


state 341

    (209) param_value -> LBRACKET NUMBER COMMA NUMBER RBRACKET .

    SEMI            reduce using rule 209 (param_value -> LBRACKET NUMBER COMMA NUMBER RBRACKET .)


state 342

    (20) timeline_kind -> STATE LPAREN state_list RPAREN . EQ NAME
    (21) timeline_kind -> STATE LPAREN state_list RPAREN . EQ NUMBER

    EQ              shift and go to state 362


state 343

    (24) state_list -> state_list COMMA . NAME
    (25) state_list -> state_list COMMA . NUMBER

    NAME            shift and go to state 363
    NUMBER          shift and go to state 364


state 344

    (37) init_opt -> EQ NUMBER .

    SEMI            reduce using rule 37 (init_opt -> EQ NUMBER .)
    INITIAL_RATE    reduce using rule 37 (init_opt -> EQ NUMBER .)


state 345

    (43) timeline_kind -> cumul_kw range_opt bounds_opt init_opt .

    SEMI            reduce using rule 43 (timeline_kind -> cumul_kw range_opt bounds_opt init_opt .)


state 346

    (35) bounds_opt -> BOUNDS range .

    EQ              reduce using rule 35 (bounds_opt -> BOUNDS range .)
    SEMI            reduce using rule 35 (bounds_opt -> BOUNDS range .)
    INITIAL_RATE    reduce using rule 35 (bounds_opt -> BOUNDS range .)


state 347

    (44) timeline_kind -> RATE range_opt bounds_opt init_opt . initial_rate_opt
    (38) initial_rate_opt -> . empty
    (39) initial_rate_opt -> . INITIAL_RATE EQ NUMBER
    (1) empty -> .

    INITIAL_RATE    shift and go to state 367
    SEMI            reduce using rule 1 (empty -> .)

    initial_rate_opt               shift and go to state 365
    empty                          shift and go to state 366

state 348

    (31) range -> LBRACKET NUMBER COMMA NUMBER . RBRACKET

    RBRACKET        shift and go to state 368


state 349

    (93) after_item -> NAME LBRACKET NUMBER COMMA . NUMBER RBRACKET

    NUMBER          shift and go to state 369


state 350

    (102) offset -> LBRACKET NUMBER COMMA . NUMBER RBRACKET

    NUMBER          shift and go to state 370


state 351

    (207) param_decl -> NAME EQ param_value . SEMI

    SEMI            shift and go to state 371


state 352

    (132) impact_group -> impact_when LBRACE impact_group_entries . RBRACE
    (138) impact_group_entries -> impact_group_entries . impact_group_entry
    (139) impact_group_entry -> . NAME impact_rhs SEMI

    RBRACE          shift and go to state 372
    NAME            shift and go to state 355

    impact_group_entry             shift and go to state 373

state 353

    (136) impact_group_entries -> empty .

    RBRACE          reduce using rule 136 (impact_group_entries -> empty .)
    NAME            reduce using rule 136 (impact_group_entries -> empty .)


state 354

    (137) impact_group_entries -> impact_group_entry .

    RBRACE          reduce using rule 137 (impact_group_entries -> impact_group_entry .)
    NAME            reduce using rule 137 (impact_group_entries -> impact_group_entry .)


state 355

    (139) impact_group_entry -> NAME . impact_rhs SEMI
    (140) impact_rhs -> . EQ value
    (141) impact_rhs -> . PLUS_EQ NUMBER
    (142) impact_rhs -> . MINUS_EQ NUMBER
    (143) impact_rhs -> . PLUS_RATE NUMBER
    (144) impact_rhs -> . MINUS_RATE NUMBER
    (145) impact_rhs -> . ASSIGN_RATE NUMBER

    EQ              shift and go to state 375
    PLUS_EQ         shift and go to state 376
    MINUS_EQ        shift and go to state 377
    PLUS_RATE       shift and go to state 378
    MINUS_RATE      shift and go to state 379
    ASSIGN_RATE     shift and go to state 380

    impact_rhs                     shift and go to state 374

state 356

    (54) task_def -> task_modifier_opt TASK NAME LBRACKET NUMBER DOTDOT NUMBER RBRACKET . extends_opt LBRACE task_body_items RBRACE
    (56) task_def -> task_modifier_opt TASK NAME LBRACKET NUMBER DOTDOT NUMBER RBRACKET . extends_opt SEMI
    (59) extends_opt -> . empty
    (60) extends_opt -> . COLON NAME
    (1) empty -> .

    COLON           shift and go to state 135
    LBRACE          reduce using rule 1 (empty -> .)
    SEMI            reduce using rule 1 (empty -> .)

    extends_opt                    shift and go to state 381
    empty                          shift and go to state 134

state 357

    (55) task_def -> task_modifier_opt TASK NAME LBRACKET NUMBER RBRACKET extends_opt LBRACE . task_body_items RBRACE
    (61) task_body_items -> . empty
    (62) task_body_items -> . task_body_item
    (63) task_body_items -> . task_body_items task_body_item
    (1) empty -> .
    (64) task_body_item -> . task_id
    (65) task_body_item -> . task_priority
    (66) task_body_item -> . task_start_range
    (67) task_body_item -> . task_end_range
    (68) task_body_item -> . task_duration_range
    (69) task_body_item -> . task_duration
    (70) task_body_item -> . task_start_opt
    (71) task_body_item -> . task_after
    (72) task_body_item -> . task_containedin
    (73) task_body_item -> . param_block
    (74) task_body_item -> . constraints_block
    (75) task_body_item -> . pre_block
    (76) task_body_item -> . inv_block
    (77) task_body_item -> . post_block
    (78) task_body_item -> . task_impacts
    (79) task_body_item -> . task_def
    (80) task_id -> . ID_KW NUMBER SEMI
    (81) task_priority -> . PRIORITY NUMBER SEMI
    (82) task_start_range -> . START_RANGE range SEMI
    (83) task_end_range -> . END_RANGE range SEMI
    (84) task_duration_range -> . DURATION_RANGE range SEMI
    (85) task_duration -> . DURATION value SEMI
    (86) task_start_opt -> . START_KW NUMBER SEMI
    (87) task_start_opt -> . empty
    (88) task_after -> . AFTER after_list SEMI
    (95) task_containedin -> . CONTAINEDIN containedin_list SEMI
    (203) param_block -> . PARAM LBRACE param_decl_list RBRACE
    (107) constraints_block -> . CONSTRAINTS LBRACE constraints_items RBRACE
    (114) pre_block -> . PRE LBRACE tlcon_list RBRACE
    (115) inv_block -> . INV LBRACE tlcon_list RBRACE
    (116) post_block -> . POST LBRACE tlcon_list RBRACE
    (126) task_impacts -> . impacts_block
    (127) task_impacts -> . empty
    (49) task_def -> . TASKDEF NAME LBRACE task_body_items RBRACE
    (50) task_def -> . task_modifier_opt TASK NAME extends_opt LBRACE task_body_items RBRACE
    (51) task_def -> . task_modifier_opt TASK NAME extends_opt SEMI
    (54) task_def -> . task_modifier_opt TASK NAME LBRACKET NUMBER DOTDOT NUMBER RBRACKET extends_opt LBRACE task_body_items RBRACE
    (55) task_def -> . task_modifier_opt TASK NAME LBRACKET NUMBER RBRACKET extends_opt LBRACE task_body_items RBRACE
    (56) task_def -> . task_modifier_opt TASK NAME LBRACKET NUMBER DOTDOT NUMBER RBRACKET extends_opt SEMI
    (57) task_def -> . task_modifier_opt TASK NAME LBRACKET NUMBER RBRACKET extends_opt SEMI
    (128) impacts_block -> . IMPACTS LBRACE impact_group_list RBRACE
    (52) task_modifier_opt -> . empty
    (53) task_modifier_opt -> . OPTIONAL
    (58) task_modifier_opt -> . REQUEST

  ! shift/reduce conflict for ID_KW resolved as shift
  ! shift/reduce conflict for PRIORITY resolved as shift
  ! shift/reduce conflict for START_RANGE resolved as shift
  ! shift/reduce conflict for END_RANGE resolved as shift
  ! shift/reduce conflict for DURATION_RANGE resolved as shift
  ! shift/reduce conflict for DURATION resolved as shift
  ! shift/reduce conflict for START_KW resolved as shift
  ! shift/reduce conflict for AFTER resolved as shift
  ! shift/reduce conflict for CONTAINEDIN resolved as shift
  ! shift/reduce conflict for PARAM resolved as shift
  ! shift/reduce conflict for CONSTRAINTS resolved as shift
  ! shift/reduce conflict for PRE resolved as shift
  ! shift/reduce conflict for INV resolved as shift
  ! shift/reduce conflict for POST resolved as shift
  ! shift/reduce conflict for TASKDEF resolved as shift
  ! shift/reduce conflict for IMPACTS resolved as shift
  ! shift/reduce conflict for OPTIONAL resolved as shift
  ! shift/reduce conflict for REQUEST resolved as shift
    RBRACE          reduce using rule 1 (empty -> .)
    TASK            reduce using rule 1 (empty -> .)
    ID_KW           shift and go to state 116
    PRIORITY        shift and go to state 117
    START_RANGE     shift and go to state 118
    END_RANGE       shift and go to state 119
    DURATION_RANGE  shift and go to state 120
    DURATION        shift and go to state 121
    START_KW        shift and go to state 122
    AFTER           shift and go to state 123
    CONTAINEDIN     shift and go to state 124
    PARAM           shift and go to state 125
    CONSTRAINTS     shift and go to state 126
    PRE             shift and go to state 127
    INV             shift and go to state 128
    POST            shift and go to state 129
    TASKDEF         shift and go to state 20
    IMPACTS         shift and go to state 131
    OPTIONAL        shift and go to state 25
    REQUEST         shift and go to state 26

  ! ID_KW           [ reduce using rule 1 (empty -> .) ]
  ! PRIORITY        [ reduce using rule 1 (empty -> .) ]
  ! START_RANGE     [ reduce using rule 1 (empty -> .) ]
  ! END_RANGE       [ reduce using rule 1 (empty -> .) ]
  ! DURATION_RANGE  [ reduce using rule 1 (empty -> .) ]
  ! DURATION        [ reduce using rule 1 (empty -> .) ]
  ! START_KW        [ reduce using rule 1 (empty -> .) ]
  ! AFTER           [ reduce using rule 1 (empty -> .) ]
  ! CONTAINEDIN     [ reduce using rule 1 (empty -> .) ]
  ! PARAM           [ reduce using rule 1 (empty -> .) ]
  ! CONSTRAINTS     [ reduce using rule 1 (empty -> .) ]
  ! PRE             [ reduce using rule 1 (empty -> .) ]
  ! INV             [ reduce using rule 1 (empty -> .) ]
  ! POST            [ reduce using rule 1 (empty -> .) ]
  ! TASKDEF         [ reduce using rule 1 (empty -> .) ]
  ! IMPACTS         [ reduce using rule 1 (empty -> .) ]
  ! OPTIONAL        [ reduce using rule 1 (empty -> .) ]
  ! REQUEST         [ reduce using rule 1 (empty -> .) ]

    task_modifier_opt              shift and go to state 21
    task_body_items                shift and go to state 382
    empty                          shift and go to state 98
    task_body_item                 shift and go to state 99
    task_id                        shift and go to state 100
    task_priority                  shift and go to state 101
    task_start_range               shift and go to state 102
    task_end_range                 shift and go to state 103
    task_duration_range            shift and go to state 104
    task_duration                  shift and go to state 105
    task_start_opt                 shift and go to state 106
    task_after                     shift and go to state 107
    task_containedin               shift and go to state 108
    param_block                    shift and go to state 109
    constraints_block              shift and go to state 110
    pre_block                      shift and go to state 111
    inv_block                      shift and go to state 112
    post_block                     shift and go to state 113
    task_impacts                   shift and go to state 114
    task_def                       shift and go to state 115
    impacts_block                  shift and go to state 130

state 358

    (57) task_def -> task_modifier_opt TASK NAME LBRACKET NUMBER RBRACKET extends_opt SEMI .

    RBRACE          reduce using rule 57 (task_def -> task_modifier_opt TASK NAME LBRACKET NUMBER RBRACKET extends_opt SEMI .)
    PARAM           reduce using rule 57 (task_def -> task_modifier_opt TASK NAME LBRACKET NUMBER RBRACKET extends_opt SEMI .)
    END             reduce using rule 57 (task_def -> task_modifier_opt TASK NAME LBRACKET NUMBER RBRACKET extends_opt SEMI .)
    TIMELINES       reduce using rule 57 (task_def -> task_modifier_opt TASK NAME LBRACKET NUMBER RBRACKET extends_opt SEMI .)
    INITIAL         reduce using rule 57 (task_def -> task_modifier_opt TASK NAME LBRACKET NUMBER RBRACKET extends_opt SEMI .)
    FINAL           reduce using rule 57 (task_def -> task_modifier_opt TASK NAME LBRACKET NUMBER RBRACKET extends_opt SEMI .)
    TASKDEF         reduce using rule 57 (task_def -> task_modifier_opt TASK NAME LBRACKET NUMBER RBRACKET extends_opt SEMI .)
    CONSTRAINTS     reduce using rule 57 (task_def -> task_modifier_opt TASK NAME LBRACKET NUMBER RBRACKET extends_opt SEMI .)
    PROPERTIES      reduce using rule 57 (task_def -> task_modifier_opt TASK NAME LBRACKET NUMBER RBRACKET extends_opt SEMI .)
    OPTIONAL        reduce using rule 57 (task_def -> task_modifier_opt TASK NAME LBRACKET NUMBER RBRACKET extends_opt SEMI .)
    REQUEST         reduce using rule 57 (task_def -> task_modifier_opt TASK NAME LBRACKET NUMBER RBRACKET extends_opt SEMI .)
    TASK            reduce using rule 57 (task_def -> task_modifier_opt TASK NAME LBRACKET NUMBER RBRACKET extends_opt SEMI .)
    ID_KW           reduce using rule 57 (task_def -> task_modifier_opt TASK NAME LBRACKET NUMBER RBRACKET extends_opt SEMI .)
    PRIORITY        reduce using rule 57 (task_def -> task_modifier_opt TASK NAME LBRACKET NUMBER RBRACKET extends_opt SEMI .)
    START_RANGE     reduce using rule 57 (task_def -> task_modifier_opt TASK NAME LBRACKET NUMBER RBRACKET extends_opt SEMI .)
    END_RANGE       reduce using rule 57 (task_def -> task_modifier_opt TASK NAME LBRACKET NUMBER RBRACKET extends_opt SEMI .)
    DURATION_RANGE  reduce using rule 57 (task_def -> task_modifier_opt TASK NAME LBRACKET NUMBER RBRACKET extends_opt SEMI .)
    DURATION        reduce using rule 57 (task_def -> task_modifier_opt TASK NAME LBRACKET NUMBER RBRACKET extends_opt SEMI .)
    START_KW        reduce using rule 57 (task_def -> task_modifier_opt TASK NAME LBRACKET NUMBER RBRACKET extends_opt SEMI .)
    AFTER           reduce using rule 57 (task_def -> task_modifier_opt TASK NAME LBRACKET NUMBER RBRACKET extends_opt SEMI .)
    CONTAINEDIN     reduce using rule 57 (task_def -> task_modifier_opt TASK NAME LBRACKET NUMBER RBRACKET extends_opt SEMI .)
    PRE             reduce using rule 57 (task_def -> task_modifier_opt TASK NAME LBRACKET NUMBER RBRACKET extends_opt SEMI .)
    INV             reduce using rule 57 (task_def -> task_modifier_opt TASK NAME LBRACKET NUMBER RBRACKET extends_opt SEMI .)
    POST            reduce using rule 57 (task_def -> task_modifier_opt TASK NAME LBRACKET NUMBER RBRACKET extends_opt SEMI .)
    IMPACTS         reduce using rule 57 (task_def -> task_modifier_opt TASK NAME LBRACKET NUMBER RBRACKET extends_opt SEMI .)


state 359

    (183) tl_atom -> NAME DOT START_KW cmp_op NAME DOT . START_KW
    (184) tl_atom -> NAME DOT START_KW cmp_op NAME DOT . END

    START_KW        shift and go to state 383
    END             shift and go to state 384


state 360

    (185) tl_atom -> NAME DOT END cmp_op NAME DOT . START_KW
    (186) tl_atom -> NAME DOT END cmp_op NAME DOT . END

    START_KW        shift and go to state 386
    END             shift and go to state 385


state 361

    (190) tl_atom -> MUTEX LBRACKET task_name_list RBRACKET WITH LBRACKET . task_name_list RBRACKET
    (191) task_name_list -> . NAME
    (192) task_name_list -> . task_name_list COMMA NAME

    NAME            shift and go to state 231

    task_name_list                 shift and go to state 387

state 362

    (20) timeline_kind -> STATE LPAREN state_list RPAREN EQ . NAME
    (21) timeline_kind -> STATE LPAREN state_list RPAREN EQ . NUMBER

    NAME            shift and go to state 388
    NUMBER          shift and go to state 389


state 363

    (24) state_list -> state_list COMMA NAME .

    RPAREN          reduce using rule 24 (state_list -> state_list COMMA NAME .)
    COMMA           reduce using rule 24 (state_list -> state_list COMMA NAME .)


state 364

    (25) state_list -> state_list COMMA NUMBER .

    RPAREN          reduce using rule 25 (state_list -> state_list COMMA NUMBER .)
    COMMA           reduce using rule 25 (state_list -> state_list COMMA NUMBER .)


state 365

    (44) timeline_kind -> RATE range_opt bounds_opt init_opt initial_rate_opt .

    SEMI            reduce using rule 44 (timeline_kind -> RATE range_opt bounds_opt init_opt initial_rate_opt .)


state 366

    (38) initial_rate_opt -> empty .

    SEMI            reduce using rule 38 (initial_rate_opt -> empty .)


state 367

    (39) initial_rate_opt -> INITIAL_RATE . EQ NUMBER

    EQ              shift and go to state 390


state 368

    (31) range -> LBRACKET NUMBER COMMA NUMBER RBRACKET .

    SEMI            reduce using rule 31 (range -> LBRACKET NUMBER COMMA NUMBER RBRACKET .)
    STRING          reduce using rule 31 (range -> LBRACKET NUMBER COMMA NUMBER RBRACKET .)
    NUMBER          reduce using rule 31 (range -> LBRACKET NUMBER COMMA NUMBER RBRACKET .)
    TRUE            reduce using rule 31 (range -> LBRACKET NUMBER COMMA NUMBER RBRACKET .)
    FALSE           reduce using rule 31 (range -> LBRACKET NUMBER COMMA NUMBER RBRACKET .)
    NAME            reduce using rule 31 (range -> LBRACKET NUMBER COMMA NUMBER RBRACKET .)
    LBRACKET        reduce using rule 31 (range -> LBRACKET NUMBER COMMA NUMBER RBRACKET .)
    EQ              reduce using rule 31 (range -> LBRACKET NUMBER COMMA NUMBER RBRACKET .)
    BOUNDS          reduce using rule 31 (range -> LBRACKET NUMBER COMMA NUMBER RBRACKET .)
    INITIAL_RATE    reduce using rule 31 (range -> LBRACKET NUMBER COMMA NUMBER RBRACKET .)


state 369

    (93) after_item -> NAME LBRACKET NUMBER COMMA NUMBER . RBRACKET

    RBRACKET        shift and go to state 391


state 370

    (102) offset -> LBRACKET NUMBER COMMA NUMBER . RBRACKET

    RBRACKET        shift and go to state 392


state 371

    (207) param_decl -> NAME EQ param_value SEMI .

    RBRACE          reduce using rule 207 (param_decl -> NAME EQ param_value SEMI .)
    NAME            reduce using rule 207 (param_decl -> NAME EQ param_value SEMI .)


state 372

    (132) impact_group -> impact_when LBRACE impact_group_entries RBRACE .

    RBRACE          reduce using rule 132 (impact_group -> impact_when LBRACE impact_group_entries RBRACE .)
    PRE             reduce using rule 132 (impact_group -> impact_when LBRACE impact_group_entries RBRACE .)
    MAINT           reduce using rule 132 (impact_group -> impact_when LBRACE impact_group_entries RBRACE .)
    POST            reduce using rule 132 (impact_group -> impact_when LBRACE impact_group_entries RBRACE .)


state 373

    (138) impact_group_entries -> impact_group_entries impact_group_entry .

    RBRACE          reduce using rule 138 (impact_group_entries -> impact_group_entries impact_group_entry .)
    NAME            reduce using rule 138 (impact_group_entries -> impact_group_entries impact_group_entry .)


state 374

    (139) impact_group_entry -> NAME impact_rhs . SEMI

    SEMI            shift and go to state 393


state 375

    (140) impact_rhs -> EQ . value
    (198) value -> . STRING
    (199) value -> . NUMBER
    (200) value -> . TRUE
    (201) value -> . FALSE
    (202) value -> . NAME

    STRING          shift and go to state 83
    NUMBER          shift and go to state 82
    TRUE            shift and go to state 84
    FALSE           shift and go to state 85
    NAME            shift and go to state 78

    value                          shift and go to state 394

state 376

    (141) impact_rhs -> PLUS_EQ . NUMBER

    NUMBER          shift and go to state 395


state 377

    (142) impact_rhs -> MINUS_EQ . NUMBER

    NUMBER          shift and go to state 396


state 378

    (143) impact_rhs -> PLUS_RATE . NUMBER

    NUMBER          shift and go to state 397


state 379

    (144) impact_rhs -> MINUS_RATE . NUMBER

    NUMBER          shift and go to state 398


state 380

    (145) impact_rhs -> ASSIGN_RATE . NUMBER

    NUMBER          shift and go to state 399


state 381

    (54) task_def -> task_modifier_opt TASK NAME LBRACKET NUMBER DOTDOT NUMBER RBRACKET extends_opt . LBRACE task_body_items RBRACE
    (56) task_def -> task_modifier_opt TASK NAME LBRACKET NUMBER DOTDOT NUMBER RBRACKET extends_opt . SEMI

    LBRACE          shift and go to state 400
    SEMI            shift and go to state 401


state 382

    (55) task_def -> task_modifier_opt TASK NAME LBRACKET NUMBER RBRACKET extends_opt LBRACE task_body_items . RBRACE
    (63) task_body_items -> task_body_items . task_body_item
    (64) task_body_item -> . task_id
    (65) task_body_item -> . task_priority
    (66) task_body_item -> . task_start_range
    (67) task_body_item -> . task_end_range
    (68) task_body_item -> . task_duration_range
    (69) task_body_item -> . task_duration
    (70) task_body_item -> . task_start_opt
    (71) task_body_item -> . task_after
    (72) task_body_item -> . task_containedin
    (73) task_body_item -> . param_block
    (74) task_body_item -> . constraints_block
    (75) task_body_item -> . pre_block
    (76) task_body_item -> . inv_block
    (77) task_body_item -> . post_block
    (78) task_body_item -> . task_impacts
    (79) task_body_item -> . task_def
    (80) task_id -> . ID_KW NUMBER SEMI
    (81) task_priority -> . PRIORITY NUMBER SEMI
    (82) task_start_range -> . START_RANGE range SEMI
    (83) task_end_range -> . END_RANGE range SEMI
    (84) task_duration_range -> . DURATION_RANGE range SEMI
    (85) task_duration -> . DURATION value SEMI
    (86) task_start_opt -> . START_KW NUMBER SEMI
    (87) task_start_opt -> . empty
    (88) task_after -> . AFTER after_list SEMI
    (95) task_containedin -> . CONTAINEDIN containedin_list SEMI
    (203) param_block -> . PARAM LBRACE param_decl_list RBRACE
    (107) constraints_block -> . CONSTRAINTS LBRACE constraints_items RBRACE
    (114) pre_block -> . PRE LBRACE tlcon_list RBRACE
    (115) inv_block -> . INV LBRACE tlcon_list RBRACE
    (116) post_block -> . POST LBRACE tlcon_list RBRACE
    (126) task_impacts -> . impacts_block
    (127) task_impacts -> . empty
    (49) task_def -> . TASKDEF NAME LBRACE task_body_items RBRACE
    (50) task_def -> . task_modifier_opt TASK NAME extends_opt LBRACE task_body_items RBRACE
    (51) task_def -> . task_modifier_opt TASK NAME extends_opt SEMI
    (54) task_def -> . task_modifier_opt TASK NAME LBRACKET NUMBER DOTDOT NUMBER RBRACKET extends_opt LBRACE task_body_items RBRACE
    (55) task_def -> . task_modifier_opt TASK NAME LBRACKET NUMBER RBRACKET extends_opt LBRACE task_body_items RBRACE
    (56) task_def -> . task_modifier_opt TASK NAME LBRACKET NUMBER DOTDOT NUMBER RBRACKET extends_opt SEMI
    (57) task_def -> . task_modifier_opt TASK NAME LBRACKET NUMBER RBRACKET extends_opt SEMI
    (1) empty -> .
    (128) impacts_block -> . IMPACTS LBRACE impact_group_list RBRACE
    (52) task_modifier_opt -> . empty
    (53) task_modifier_opt -> . OPTIONAL
    (58) task_modifier_opt -> . REQUEST

  ! shift/reduce conflict for RBRACE resolved as shift
  ! shift/reduce conflict for ID_KW resolved as shift
  ! shift/reduce conflict for PRIORITY resolved as shift
  ! shift/reduce conflict for START_RANGE resolved as shift
  ! shift/reduce conflict for END_RANGE resolved as shift
  ! shift/reduce conflict for DURATION_RANGE resolved as shift
  ! shift/reduce conflict for DURATION resolved as shift
  ! shift/reduce conflict for START_KW resolved as shift
  ! shift/reduce conflict for AFTER resolved as shift
  ! shift/reduce conflict for CONTAINEDIN resolved as shift
  ! shift/reduce conflict for PARAM resolved as shift
  ! shift/reduce conflict for CONSTRAINTS resolved as shift
  ! shift/reduce conflict for PRE resolved as shift
  ! shift/reduce conflict for INV resolved as shift
  ! shift/reduce conflict for POST resolved as shift
  ! shift/reduce conflict for TASKDEF resolved as shift
  ! shift/reduce conflict for IMPACTS resolved as shift
  ! shift/reduce conflict for OPTIONAL resolved as shift
  ! shift/reduce conflict for REQUEST resolved as shift
    RBRACE          shift and go to state 402
    ID_KW           shift and go to state 116
    PRIORITY        shift and go to state 117
    START_RANGE     shift and go to state 118
    END_RANGE       shift and go to state 119
    DURATION_RANGE  shift and go to state 120
    DURATION        shift and go to state 121
    START_KW        shift and go to state 122
    AFTER           shift and go to state 123
    CONTAINEDIN     shift and go to state 124
    PARAM           shift and go to state 125
    CONSTRAINTS     shift and go to state 126
    PRE             shift and go to state 127
    INV             shift and go to state 128
    POST            shift and go to state 129
    TASKDEF         shift and go to state 20
    TASK            reduce using rule 1 (empty -> .)
    IMPACTS         shift and go to state 131
    OPTIONAL        shift and go to state 25
    REQUEST         shift and go to state 26

  ! RBRACE          [ reduce using rule 1 (empty -> .) ]
  ! ID_KW           [ reduce using rule 1 (empty -> .) ]
  ! PRIORITY        [ reduce using rule 1 (empty -> .) ]
  ! START_RANGE     [ reduce using rule 1 (empty -> .) ]
  ! END_RANGE       [ reduce using rule 1 (empty -> .) ]
  ! DURATION_RANGE  [ reduce using rule 1 (empty -> .) ]
  ! DURATION        [ reduce using rule 1 (empty -> .) ]
  ! START_KW        [ reduce using rule 1 (empty -> .) ]
  ! AFTER           [ reduce using rule 1 (empty -> .) ]
  ! CONTAINEDIN     [ reduce using rule 1 (empty -> .) ]
  ! PARAM           [ reduce using rule 1 (empty -> .) ]
  ! CONSTRAINTS     [ reduce using rule 1 (empty -> .) ]
  ! PRE             [ reduce using rule 1 (empty -> .) ]
  ! INV             [ reduce using rule 1 (empty -> .) ]
  ! POST            [ reduce using rule 1 (empty -> .) ]
  ! TASKDEF         [ reduce using rule 1 (empty -> .) ]
  ! IMPACTS         [ reduce using rule 1 (empty -> .) ]
  ! OPTIONAL        [ reduce using rule 1 (empty -> .) ]
  ! REQUEST         [ reduce using rule 1 (empty -> .) ]

    task_modifier_opt              shift and go to state 21
    task_body_item                 shift and go to state 186
    task_id                        shift and go to state 100
    task_priority                  shift and go to state 101
    task_start_range               shift and go to state 102
    task_end_range                 shift and go to state 103
    task_duration_range            shift and go to state 104
    task_duration                  shift and go to state 105
    task_start_opt                 shift and go to state 106
    task_after                     shift and go to state 107
    task_containedin               shift and go to state 108
    param_block                    shift and go to state 109
    constraints_block              shift and go to state 110
    pre_block                      shift and go to state 111
    inv_block                      shift and go to state 112
    post_block                     shift and go to state 113
    task_impacts                   shift and go to state 114
    task_def                       shift and go to state 115
    empty                          shift and go to state 187
    impacts_block                  shift and go to state 130

state 383

    (183) tl_atom -> NAME DOT START_KW cmp_op NAME DOT START_KW .

    UNTIL           reduce using rule 183 (tl_atom -> NAME DOT START_KW cmp_op NAME DOT START_KW .)
    SINCE           reduce using rule 183 (tl_atom -> NAME DOT START_KW cmp_op NAME DOT START_KW .)
    AND             reduce using rule 183 (tl_atom -> NAME DOT START_KW cmp_op NAME DOT START_KW .)
    IMPLIES         reduce using rule 183 (tl_atom -> NAME DOT START_KW cmp_op NAME DOT START_KW .)
    IMPLIES_KW      reduce using rule 183 (tl_atom -> NAME DOT START_KW cmp_op NAME DOT START_KW .)
    OR              reduce using rule 183 (tl_atom -> NAME DOT START_KW cmp_op NAME DOT START_KW .)
    SEMI            reduce using rule 183 (tl_atom -> NAME DOT START_KW cmp_op NAME DOT START_KW .)
    RPAREN          reduce using rule 183 (tl_atom -> NAME DOT START_KW cmp_op NAME DOT START_KW .)


state 384

    (184) tl_atom -> NAME DOT START_KW cmp_op NAME DOT END .

    UNTIL           reduce using rule 184 (tl_atom -> NAME DOT START_KW cmp_op NAME DOT END .)
    SINCE           reduce using rule 184 (tl_atom -> NAME DOT START_KW cmp_op NAME DOT END .)
    AND             reduce using rule 184 (tl_atom -> NAME DOT START_KW cmp_op NAME DOT END .)
    IMPLIES         reduce using rule 184 (tl_atom -> NAME DOT START_KW cmp_op NAME DOT END .)
    IMPLIES_KW      reduce using rule 184 (tl_atom -> NAME DOT START_KW cmp_op NAME DOT END .)
    OR              reduce using rule 184 (tl_atom -> NAME DOT START_KW cmp_op NAME DOT END .)
    SEMI            reduce using rule 184 (tl_atom -> NAME DOT START_KW cmp_op NAME DOT END .)
    RPAREN          reduce using rule 184 (tl_atom -> NAME DOT START_KW cmp_op NAME DOT END .)


state 385

    (186) tl_atom -> NAME DOT END cmp_op NAME DOT END .

    UNTIL           reduce using rule 186 (tl_atom -> NAME DOT END cmp_op NAME DOT END .)
    SINCE           reduce using rule 186 (tl_atom -> NAME DOT END cmp_op NAME DOT END .)
    AND             reduce using rule 186 (tl_atom -> NAME DOT END cmp_op NAME DOT END .)
    IMPLIES         reduce using rule 186 (tl_atom -> NAME DOT END cmp_op NAME DOT END .)
    IMPLIES_KW      reduce using rule 186 (tl_atom -> NAME DOT END cmp_op NAME DOT END .)
    OR              reduce using rule 186 (tl_atom -> NAME DOT END cmp_op NAME DOT END .)
    SEMI            reduce using rule 186 (tl_atom -> NAME DOT END cmp_op NAME DOT END .)
    RPAREN          reduce using rule 186 (tl_atom -> NAME DOT END cmp_op NAME DOT END .)


state 386

    (185) tl_atom -> NAME DOT END cmp_op NAME DOT START_KW .

    UNTIL           reduce using rule 185 (tl_atom -> NAME DOT END cmp_op NAME DOT START_KW .)
    SINCE           reduce using rule 185 (tl_atom -> NAME DOT END cmp_op NAME DOT START_KW .)
    AND             reduce using rule 185 (tl_atom -> NAME DOT END cmp_op NAME DOT START_KW .)
    IMPLIES         reduce using rule 185 (tl_atom -> NAME DOT END cmp_op NAME DOT START_KW .)
    IMPLIES_KW      reduce using rule 185 (tl_atom -> NAME DOT END cmp_op NAME DOT START_KW .)
    OR              reduce using rule 185 (tl_atom -> NAME DOT END cmp_op NAME DOT START_KW .)
    SEMI            reduce using rule 185 (tl_atom -> NAME DOT END cmp_op NAME DOT START_KW .)
    RPAREN          reduce using rule 185 (tl_atom -> NAME DOT END cmp_op NAME DOT START_KW .)


state 387

    (190) tl_atom -> MUTEX LBRACKET task_name_list RBRACKET WITH LBRACKET task_name_list . RBRACKET
    (192) task_name_list -> task_name_list . COMMA NAME

    RBRACKET        shift and go to state 403
    COMMA           shift and go to state 295


state 388

    (20) timeline_kind -> STATE LPAREN state_list RPAREN EQ NAME .

    SEMI            reduce using rule 20 (timeline_kind -> STATE LPAREN state_list RPAREN EQ NAME .)


state 389

    (21) timeline_kind -> STATE LPAREN state_list RPAREN EQ NUMBER .

    SEMI            reduce using rule 21 (timeline_kind -> STATE LPAREN state_list RPAREN EQ NUMBER .)


state 390

    (39) initial_rate_opt -> INITIAL_RATE EQ . NUMBER

    NUMBER          shift and go to state 404


state 391

    (93) after_item -> NAME LBRACKET NUMBER COMMA NUMBER RBRACKET .

    SEMI            reduce using rule 93 (after_item -> NAME LBRACKET NUMBER COMMA NUMBER RBRACKET .)
    COMMA           reduce using rule 93 (after_item -> NAME LBRACKET NUMBER COMMA NUMBER RBRACKET .)


state 392

    (102) offset -> LBRACKET NUMBER COMMA NUMBER RBRACKET .

    LBRACKET        reduce using rule 102 (offset -> LBRACKET NUMBER COMMA NUMBER RBRACKET .)
    NUMBER          reduce using rule 102 (offset -> LBRACKET NUMBER COMMA NUMBER RBRACKET .)
    SEMI            reduce using rule 102 (offset -> LBRACKET NUMBER COMMA NUMBER RBRACKET .)
    COMMA           reduce using rule 102 (offset -> LBRACKET NUMBER COMMA NUMBER RBRACKET .)


state 393

    (139) impact_group_entry -> NAME impact_rhs SEMI .

    RBRACE          reduce using rule 139 (impact_group_entry -> NAME impact_rhs SEMI .)
    NAME            reduce using rule 139 (impact_group_entry -> NAME impact_rhs SEMI .)


state 394

    (140) impact_rhs -> EQ value .

    SEMI            reduce using rule 140 (impact_rhs -> EQ value .)


state 395

    (141) impact_rhs -> PLUS_EQ NUMBER .

    SEMI            reduce using rule 141 (impact_rhs -> PLUS_EQ NUMBER .)


state 396

    (142) impact_rhs -> MINUS_EQ NUMBER .

    SEMI            reduce using rule 142 (impact_rhs -> MINUS_EQ NUMBER .)


state 397

    (143) impact_rhs -> PLUS_RATE NUMBER .

    SEMI            reduce using rule 143 (impact_rhs -> PLUS_RATE NUMBER .)


state 398

    (144) impact_rhs -> MINUS_RATE NUMBER .

    SEMI            reduce using rule 144 (impact_rhs -> MINUS_RATE NUMBER .)


state 399

    (145) impact_rhs -> ASSIGN_RATE NUMBER .

    SEMI            reduce using rule 145 (impact_rhs -> ASSIGN_RATE NUMBER .)


state 400

    (54) task_def -> task_modifier_opt TASK NAME LBRACKET NUMBER DOTDOT NUMBER RBRACKET extends_opt LBRACE . task_body_items RBRACE
    (61) task_body_items -> . empty
    (62) task_body_items -> . task_body_item
    (63) task_body_items -> . task_body_items task_body_item
    (1) empty -> .
    (64) task_body_item -> . task_id
    (65) task_body_item -> . task_priority
    (66) task_body_item -> . task_start_range
    (67) task_body_item -> . task_end_range
    (68) task_body_item -> . task_duration_range
    (69) task_body_item -> . task_duration
    (70) task_body_item -> . task_start_opt
    (71) task_body_item -> . task_after
    (72) task_body_item -> . task_containedin
    (73) task_body_item -> . param_block
    (74) task_body_item -> . constraints_block
    (75) task_body_item -> . pre_block
    (76) task_body_item -> . inv_block
    (77) task_body_item -> . post_block
    (78) task_body_item -> . task_impacts
    (79) task_body_item -> . task_def
    (80) task_id -> . ID_KW NUMBER SEMI
    (81) task_priority -> . PRIORITY NUMBER SEMI
    (82) task_start_range -> . START_RANGE range SEMI
    (83) task_end_range -> . END_RANGE range SEMI
    (84) task_duration_range -> . DURATION_RANGE range SEMI
    (85) task_duration -> . DURATION value SEMI
    (86) task_start_opt -> . START_KW NUMBER SEMI
    (87) task_start_opt -> . empty
    (88) task_after -> . AFTER after_list SEMI
    (95) task_containedin -> . CONTAINEDIN containedin_list SEMI
    (203) param_block -> . PARAM LBRACE param_decl_list RBRACE
    (107) constraints_block -> . CONSTRAINTS LBRACE constraints_items RBRACE
    (114) pre_block -> . PRE LBRACE tlcon_list RBRACE
    (115) inv_block -> . INV LBRACE tlcon_list RBRACE
    (116) post_block -> . POST LBRACE tlcon_list RBRACE
    (126) task_impacts -> . impacts_block
    (127) task_impacts -> . empty
    (49) task_def -> . TASKDEF NAME LBRACE task_body_items RBRACE
    (50) task_def -> . task_modifier_opt TASK NAME extends_opt LBRACE task_body_items RBRACE
    (51) task_def -> . task_modifier_opt TASK NAME extends_opt SEMI
    (54) task_def -> . task_modifier_opt TASK NAME LBRACKET NUMBER DOTDOT NUMBER RBRACKET extends_opt LBRACE task_body_items RBRACE
    (55) task_def -> . task_modifier_opt TASK NAME LBRACKET NUMBER RBRACKET extends_opt LBRACE task_body_items RBRACE
    (56) task_def -> . task_modifier_opt TASK NAME LBRACKET NUMBER DOTDOT NUMBER RBRACKET extends_opt SEMI
    (57) task_def -> . task_modifier_opt TASK NAME LBRACKET NUMBER RBRACKET extends_opt SEMI
    (128) impacts_block -> . IMPACTS LBRACE impact_group_list RBRACE
    (52) task_modifier_opt -> . empty
    (53) task_modifier_opt -> . OPTIONAL
    (58) task_modifier_opt -> . REQUEST

  ! shift/reduce conflict for ID_KW resolved as shift
  ! shift/reduce conflict for PRIORITY resolved as shift
  ! shift/reduce conflict for START_RANGE resolved as shift
  ! shift/reduce conflict for END_RANGE resolved as shift
  ! shift/reduce conflict for DURATION_RANGE resolved as shift
  ! shift/reduce conflict for DURATION resolved as shift
  ! shift/reduce conflict for START_KW resolved as shift
  ! shift/reduce conflict for AFTER resolved as shift
  ! shift/reduce conflict for CONTAINEDIN resolved as shift
  ! shift/reduce conflict for PARAM resolved as shift
  ! shift/reduce conflict for CONSTRAINTS resolved as shift
  ! shift/reduce conflict for PRE resolved as shift
  ! shift/reduce conflict for INV resolved as shift
  ! shift/reduce conflict for POST resolved as shift
  ! shift/reduce conflict for TASKDEF resolved as shift
  ! shift/reduce conflict for IMPACTS resolved as shift
  ! shift/reduce conflict for OPTIONAL resolved as shift
  ! shift/reduce conflict for REQUEST resolved as shift
    RBRACE          reduce using rule 1 (empty -> .)
    TASK            reduce using rule 1 (empty -> .)
    ID_KW           shift and go to state 116
    PRIORITY        shift and go to state 117
    START_RANGE     shift and go to state 118
    END_RANGE       shift and go to state 119
    DURATION_RANGE  shift and go to state 120
    DURATION        shift and go to state 121
    START_KW        shift and go to state 122
    AFTER           shift and go to state 123
    CONTAINEDIN     shift and go to state 124
    PARAM           shift and go to state 125
    CONSTRAINTS     shift and go to state 126
    PRE             shift and go to state 127
    INV             shift and go to state 128
    POST            shift and go to state 129
    TASKDEF         shift and go to state 20
    IMPACTS         shift and go to state 131
    OPTIONAL        shift and go to state 25
    REQUEST         shift and go to state 26

  ! ID_KW           [ reduce using rule 1 (empty -> .) ]
  ! PRIORITY        [ reduce using rule 1 (empty -> .) ]
  ! START_RANGE     [ reduce using rule 1 (empty -> .) ]
  ! END_RANGE       [ reduce using rule 1 (empty -> .) ]
  ! DURATION_RANGE  [ reduce using rule 1 (empty -> .) ]
  ! DURATION        [ reduce using rule 1 (empty -> .) ]
  ! START_KW        [ reduce using rule 1 (empty -> .) ]
  ! AFTER           [ reduce using rule 1 (empty -> .) ]
  ! CONTAINEDIN     [ reduce using rule 1 (empty -> .) ]
  ! PARAM           [ reduce using rule 1 (empty -> .) ]
  ! CONSTRAINTS     [ reduce using rule 1 (empty -> .) ]
  ! PRE             [ reduce using rule 1 (empty -> .) ]
  ! INV             [ reduce using rule 1 (empty -> .) ]
  ! POST            [ reduce using rule 1 (empty -> .) ]
  ! TASKDEF         [ reduce using rule 1 (empty -> .) ]
  ! IMPACTS         [ reduce using rule 1 (empty -> .) ]
  ! OPTIONAL        [ reduce using rule 1 (empty -> .) ]
  ! REQUEST         [ reduce using rule 1 (empty -> .) ]

    task_modifier_opt              shift and go to state 21
    task_body_items                shift and go to state 405
    empty                          shift and go to state 98
    task_body_item                 shift and go to state 99
    task_id                        shift and go to state 100
    task_priority                  shift and go to state 101
    task_start_range               shift and go to state 102
    task_end_range                 shift and go to state 103
    task_duration_range            shift and go to state 104
    task_duration                  shift and go to state 105
    task_start_opt                 shift and go to state 106
    task_after                     shift and go to state 107
    task_containedin               shift and go to state 108
    param_block                    shift and go to state 109
    constraints_block              shift and go to state 110
    pre_block                      shift and go to state 111
    inv_block                      shift and go to state 112
    post_block                     shift and go to state 113
    task_impacts                   shift and go to state 114
    task_def                       shift and go to state 115
    impacts_block                  shift and go to state 130

state 401

    (56) task_def -> task_modifier_opt TASK NAME LBRACKET NUMBER DOTDOT NUMBER RBRACKET extends_opt SEMI .

    RBRACE          reduce using rule 56 (task_def -> task_modifier_opt TASK NAME LBRACKET NUMBER DOTDOT NUMBER RBRACKET extends_opt SEMI .)
    PARAM           reduce using rule 56 (task_def -> task_modifier_opt TASK NAME LBRACKET NUMBER DOTDOT NUMBER RBRACKET extends_opt SEMI .)
    END             reduce using rule 56 (task_def -> task_modifier_opt TASK NAME LBRACKET NUMBER DOTDOT NUMBER RBRACKET extends_opt SEMI .)
    TIMELINES       reduce using rule 56 (task_def -> task_modifier_opt TASK NAME LBRACKET NUMBER DOTDOT NUMBER RBRACKET extends_opt SEMI .)
    INITIAL         reduce using rule 56 (task_def -> task_modifier_opt TASK NAME LBRACKET NUMBER DOTDOT NUMBER RBRACKET extends_opt SEMI .)
    FINAL           reduce using rule 56 (task_def -> task_modifier_opt TASK NAME LBRACKET NUMBER DOTDOT NUMBER RBRACKET extends_opt SEMI .)
    TASKDEF         reduce using rule 56 (task_def -> task_modifier_opt TASK NAME LBRACKET NUMBER DOTDOT NUMBER RBRACKET extends_opt SEMI .)
    CONSTRAINTS     reduce using rule 56 (task_def -> task_modifier_opt TASK NAME LBRACKET NUMBER DOTDOT NUMBER RBRACKET extends_opt SEMI .)
    PROPERTIES      reduce using rule 56 (task_def -> task_modifier_opt TASK NAME LBRACKET NUMBER DOTDOT NUMBER RBRACKET extends_opt SEMI .)
    OPTIONAL        reduce using rule 56 (task_def -> task_modifier_opt TASK NAME LBRACKET NUMBER DOTDOT NUMBER RBRACKET extends_opt SEMI .)
    REQUEST         reduce using rule 56 (task_def -> task_modifier_opt TASK NAME LBRACKET NUMBER DOTDOT NUMBER RBRACKET extends_opt SEMI .)
    TASK            reduce using rule 56 (task_def -> task_modifier_opt TASK NAME LBRACKET NUMBER DOTDOT NUMBER RBRACKET extends_opt SEMI .)
    ID_KW           reduce using rule 56 (task_def -> task_modifier_opt TASK NAME LBRACKET NUMBER DOTDOT NUMBER RBRACKET extends_opt SEMI .)
    PRIORITY        reduce using rule 56 (task_def -> task_modifier_opt TASK NAME LBRACKET NUMBER DOTDOT NUMBER RBRACKET extends_opt SEMI .)
    START_RANGE     reduce using rule 56 (task_def -> task_modifier_opt TASK NAME LBRACKET NUMBER DOTDOT NUMBER RBRACKET extends_opt SEMI .)
    END_RANGE       reduce using rule 56 (task_def -> task_modifier_opt TASK NAME LBRACKET NUMBER DOTDOT NUMBER RBRACKET extends_opt SEMI .)
    DURATION_RANGE  reduce using rule 56 (task_def -> task_modifier_opt TASK NAME LBRACKET NUMBER DOTDOT NUMBER RBRACKET extends_opt SEMI .)
    DURATION        reduce using rule 56 (task_def -> task_modifier_opt TASK NAME LBRACKET NUMBER DOTDOT NUMBER RBRACKET extends_opt SEMI .)
    START_KW        reduce using rule 56 (task_def -> task_modifier_opt TASK NAME LBRACKET NUMBER DOTDOT NUMBER RBRACKET extends_opt SEMI .)
    AFTER           reduce using rule 56 (task_def -> task_modifier_opt TASK NAME LBRACKET NUMBER DOTDOT NUMBER RBRACKET extends_opt SEMI .)
    CONTAINEDIN     reduce using rule 56 (task_def -> task_modifier_opt TASK NAME LBRACKET NUMBER DOTDOT NUMBER RBRACKET extends_opt SEMI .)
    PRE             reduce using rule 56 (task_def -> task_modifier_opt TASK NAME LBRACKET NUMBER DOTDOT NUMBER RBRACKET extends_opt SEMI .)
    INV             reduce using rule 56 (task_def -> task_modifier_opt TASK NAME LBRACKET NUMBER DOTDOT NUMBER RBRACKET extends_opt SEMI .)
    POST            reduce using rule 56 (task_def -> task_modifier_opt TASK NAME LBRACKET NUMBER DOTDOT NUMBER RBRACKET extends_opt SEMI .)
    IMPACTS         reduce using rule 56 (task_def -> task_modifier_opt TASK NAME LBRACKET NUMBER DOTDOT NUMBER RBRACKET extends_opt SEMI .)


state 402

    (55) task_def -> task_modifier_opt TASK NAME LBRACKET NUMBER RBRACKET extends_opt LBRACE task_body_items RBRACE .

    RBRACE          reduce using rule 55 (task_def -> task_modifier_opt TASK NAME LBRACKET NUMBER RBRACKET extends_opt LBRACE task_body_items RBRACE .)
    PARAM           reduce using rule 55 (task_def -> task_modifier_opt TASK NAME LBRACKET NUMBER RBRACKET extends_opt LBRACE task_body_items RBRACE .)
    END             reduce using rule 55 (task_def -> task_modifier_opt TASK NAME LBRACKET NUMBER RBRACKET extends_opt LBRACE task_body_items RBRACE .)
    TIMELINES       reduce using rule 55 (task_def -> task_modifier_opt TASK NAME LBRACKET NUMBER RBRACKET extends_opt LBRACE task_body_items RBRACE .)
    INITIAL         reduce using rule 55 (task_def -> task_modifier_opt TASK NAME LBRACKET NUMBER RBRACKET extends_opt LBRACE task_body_items RBRACE .)
    FINAL           reduce using rule 55 (task_def -> task_modifier_opt TASK NAME LBRACKET NUMBER RBRACKET extends_opt LBRACE task_body_items RBRACE .)
    TASKDEF         reduce using rule 55 (task_def -> task_modifier_opt TASK NAME LBRACKET NUMBER RBRACKET extends_opt LBRACE task_body_items RBRACE .)
    CONSTRAINTS     reduce using rule 55 (task_def -> task_modifier_opt TASK NAME LBRACKET NUMBER RBRACKET extends_opt LBRACE task_body_items RBRACE .)
    PROPERTIES      reduce using rule 55 (task_def -> task_modifier_opt TASK NAME LBRACKET NUMBER RBRACKET extends_opt LBRACE task_body_items RBRACE .)
    OPTIONAL        reduce using rule 55 (task_def -> task_modifier_opt TASK NAME LBRACKET NUMBER RBRACKET extends_opt LBRACE task_body_items RBRACE .)
    REQUEST         reduce using rule 55 (task_def -> task_modifier_opt TASK NAME LBRACKET NUMBER RBRACKET extends_opt LBRACE task_body_items RBRACE .)
    TASK            reduce using rule 55 (task_def -> task_modifier_opt TASK NAME LBRACKET NUMBER RBRACKET extends_opt LBRACE task_body_items RBRACE .)
    ID_KW           reduce using rule 55 (task_def -> task_modifier_opt TASK NAME LBRACKET NUMBER RBRACKET extends_opt LBRACE task_body_items RBRACE .)
    PRIORITY        reduce using rule 55 (task_def -> task_modifier_opt TASK NAME LBRACKET NUMBER RBRACKET extends_opt LBRACE task_body_items RBRACE .)
    START_RANGE     reduce using rule 55 (task_def -> task_modifier_opt TASK NAME LBRACKET NUMBER RBRACKET extends_opt LBRACE task_body_items RBRACE .)
    END_RANGE       reduce using rule 55 (task_def -> task_modifier_opt TASK NAME LBRACKET NUMBER RBRACKET extends_opt LBRACE task_body_items RBRACE .)
    DURATION_RANGE  reduce using rule 55 (task_def -> task_modifier_opt TASK NAME LBRACKET NUMBER RBRACKET extends_opt LBRACE task_body_items RBRACE .)
    DURATION        reduce using rule 55 (task_def -> task_modifier_opt TASK NAME LBRACKET NUMBER RBRACKET extends_opt LBRACE task_body_items RBRACE .)
    START_KW        reduce using rule 55 (task_def -> task_modifier_opt TASK NAME LBRACKET NUMBER RBRACKET extends_opt LBRACE task_body_items RBRACE .)
    AFTER           reduce using rule 55 (task_def -> task_modifier_opt TASK NAME LBRACKET NUMBER RBRACKET extends_opt LBRACE task_body_items RBRACE .)
    CONTAINEDIN     reduce using rule 55 (task_def -> task_modifier_opt TASK NAME LBRACKET NUMBER RBRACKET extends_opt LBRACE task_body_items RBRACE .)
    PRE             reduce using rule 55 (task_def -> task_modifier_opt TASK NAME LBRACKET NUMBER RBRACKET extends_opt LBRACE task_body_items RBRACE .)
    INV             reduce using rule 55 (task_def -> task_modifier_opt TASK NAME LBRACKET NUMBER RBRACKET extends_opt LBRACE task_body_items RBRACE .)
    POST            reduce using rule 55 (task_def -> task_modifier_opt TASK NAME LBRACKET NUMBER RBRACKET extends_opt LBRACE task_body_items RBRACE .)
    IMPACTS         reduce using rule 55 (task_def -> task_modifier_opt TASK NAME LBRACKET NUMBER RBRACKET extends_opt LBRACE task_body_items RBRACE .)


state 403

    (190) tl_atom -> MUTEX LBRACKET task_name_list RBRACKET WITH LBRACKET task_name_list RBRACKET .

    UNTIL           reduce using rule 190 (tl_atom -> MUTEX LBRACKET task_name_list RBRACKET WITH LBRACKET task_name_list RBRACKET .)
    SINCE           reduce using rule 190 (tl_atom -> MUTEX LBRACKET task_name_list RBRACKET WITH LBRACKET task_name_list RBRACKET .)
    AND             reduce using rule 190 (tl_atom -> MUTEX LBRACKET task_name_list RBRACKET WITH LBRACKET task_name_list RBRACKET .)
    IMPLIES         reduce using rule 190 (tl_atom -> MUTEX LBRACKET task_name_list RBRACKET WITH LBRACKET task_name_list RBRACKET .)
    IMPLIES_KW      reduce using rule 190 (tl_atom -> MUTEX LBRACKET task_name_list RBRACKET WITH LBRACKET task_name_list RBRACKET .)
    OR              reduce using rule 190 (tl_atom -> MUTEX LBRACKET task_name_list RBRACKET WITH LBRACKET task_name_list RBRACKET .)
    SEMI            reduce using rule 190 (tl_atom -> MUTEX LBRACKET task_name_list RBRACKET WITH LBRACKET task_name_list RBRACKET .)
    RPAREN          reduce using rule 190 (tl_atom -> MUTEX LBRACKET task_name_list RBRACKET WITH LBRACKET task_name_list RBRACKET .)


state 404

    (39) initial_rate_opt -> INITIAL_RATE EQ NUMBER .

    SEMI            reduce using rule 39 (initial_rate_opt -> INITIAL_RATE EQ NUMBER .)


state 405

    (54) task_def -> task_modifier_opt TASK NAME LBRACKET NUMBER DOTDOT NUMBER RBRACKET extends_opt LBRACE task_body_items . RBRACE
    (63) task_body_items -> task_body_items . task_body_item
    (64) task_body_item -> . task_id
    (65) task_body_item -> . task_priority
    (66) task_body_item -> . task_start_range
    (67) task_body_item -> . task_end_range
    (68) task_body_item -> . task_duration_range
    (69) task_body_item -> . task_duration
    (70) task_body_item -> . task_start_opt
    (71) task_body_item -> . task_after
    (72) task_body_item -> . task_containedin
    (73) task_body_item -> . param_block
    (74) task_body_item -> . constraints_block
    (75) task_body_item -> . pre_block
    (76) task_body_item -> . inv_block
    (77) task_body_item -> . post_block
    (78) task_body_item -> . task_impacts
    (79) task_body_item -> . task_def
    (80) task_id -> . ID_KW NUMBER SEMI
    (81) task_priority -> . PRIORITY NUMBER SEMI
    (82) task_start_range -> . START_RANGE range SEMI
    (83) task_end_range -> . END_RANGE range SEMI
    (84) task_duration_range -> . DURATION_RANGE range SEMI
    (85) task_duration -> . DURATION value SEMI
    (86) task_start_opt -> . START_KW NUMBER SEMI
    (87) task_start_opt -> . empty
    (88) task_after -> . AFTER after_list SEMI
    (95) task_containedin -> . CONTAINEDIN containedin_list SEMI
    (203) param_block -> . PARAM LBRACE param_decl_list RBRACE
    (107) constraints_block -> . CONSTRAINTS LBRACE constraints_items RBRACE
    (114) pre_block -> . PRE LBRACE tlcon_list RBRACE
    (115) inv_block -> . INV LBRACE tlcon_list RBRACE
    (116) post_block -> . POST LBRACE tlcon_list RBRACE
    (126) task_impacts -> . impacts_block
    (127) task_impacts -> . empty
    (49) task_def -> . TASKDEF NAME LBRACE task_body_items RBRACE
    (50) task_def -> . task_modifier_opt TASK NAME extends_opt LBRACE task_body_items RBRACE
    (51) task_def -> . task_modifier_opt TASK NAME extends_opt SEMI
    (54) task_def -> . task_modifier_opt TASK NAME LBRACKET NUMBER DOTDOT NUMBER RBRACKET extends_opt LBRACE task_body_items RBRACE
    (55) task_def -> . task_modifier_opt TASK NAME LBRACKET NUMBER RBRACKET extends_opt LBRACE task_body_items RBRACE
    (56) task_def -> . task_modifier_opt TASK NAME LBRACKET NUMBER DOTDOT NUMBER RBRACKET extends_opt SEMI
    (57) task_def -> . task_modifier_opt TASK NAME LBRACKET NUMBER RBRACKET extends_opt SEMI
    (1) empty -> .
    (128) impacts_block -> . IMPACTS LBRACE impact_group_list RBRACE
    (52) task_modifier_opt -> . empty
    (53) task_modifier_opt -> . OPTIONAL
    (58) task_modifier_opt -> . REQUEST

  ! shift/reduce conflict for RBRACE resolved as shift
  ! shift/reduce conflict for ID_KW resolved as shift
  ! shift/reduce conflict for PRIORITY resolved as shift
  ! shift/reduce conflict for START_RANGE resolved as shift
  ! shift/reduce conflict for END_RANGE resolved as shift
  ! shift/reduce conflict for DURATION_RANGE resolved as shift
  ! shift/reduce conflict for DURATION resolved as shift
  ! shift/reduce conflict for START_KW resolved as shift
  ! shift/reduce conflict for AFTER resolved as shift
  ! shift/reduce conflict for CONTAINEDIN resolved as shift
  ! shift/reduce conflict for PARAM resolved as shift
  ! shift/reduce conflict for CONSTRAINTS resolved as shift
  ! shift/reduce conflict for PRE resolved as shift
  ! shift/reduce conflict for INV resolved as shift
  ! shift/reduce conflict for POST resolved as shift
  ! shift/reduce conflict for TASKDEF resolved as shift
  ! shift/reduce conflict for IMPACTS resolved as shift
  ! shift/reduce conflict for OPTIONAL resolved as shift
  ! shift/reduce conflict for REQUEST resolved as shift
    RBRACE          shift and go to state 406
    ID_KW           shift and go to state 116
    PRIORITY        shift and go to state 117
    START_RANGE     shift and go to state 118
    END_RANGE       shift and go to state 119
    DURATION_RANGE  shift and go to state 120
    DURATION        shift and go to state 121
    START_KW        shift and go to state 122
    AFTER           shift and go to state 123
    CONTAINEDIN     shift and go to state 124
    PARAM           shift and go to state 125
    CONSTRAINTS     shift and go to state 126
    PRE             shift and go to state 127
    INV             shift and go to state 128
    POST            shift and go to state 129
    TASKDEF         shift and go to state 20
    TASK            reduce using rule 1 (empty -> .)
    IMPACTS         shift and go to state 131
    OPTIONAL        shift and go to state 25
    REQUEST         shift and go to state 26

  ! RBRACE          [ reduce using rule 1 (empty -> .) ]
  ! ID_KW           [ reduce using rule 1 (empty -> .) ]
  ! PRIORITY        [ reduce using rule 1 (empty -> .) ]
  ! START_RANGE     [ reduce using rule 1 (empty -> .) ]
  ! END_RANGE       [ reduce using rule 1 (empty -> .) ]
  ! DURATION_RANGE  [ reduce using rule 1 (empty -> .) ]
  ! DURATION        [ reduce using rule 1 (empty -> .) ]
  ! START_KW        [ reduce using rule 1 (empty -> .) ]
  ! AFTER           [ reduce using rule 1 (empty -> .) ]
  ! CONTAINEDIN     [ reduce using rule 1 (empty -> .) ]
  ! PARAM           [ reduce using rule 1 (empty -> .) ]
  ! CONSTRAINTS     [ reduce using rule 1 (empty -> .) ]
  ! PRE             [ reduce using rule 1 (empty -> .) ]
  ! INV             [ reduce using rule 1 (empty -> .) ]
  ! POST            [ reduce using rule 1 (empty -> .) ]
  ! TASKDEF         [ reduce using rule 1 (empty -> .) ]
  ! IMPACTS         [ reduce using rule 1 (empty -> .) ]
  ! OPTIONAL        [ reduce using rule 1 (empty -> .) ]
  ! REQUEST         [ reduce using rule 1 (empty -> .) ]

    task_modifier_opt              shift and go to state 21
    task_body_item                 shift and go to state 186
    task_id                        shift and go to state 100
    task_priority                  shift and go to state 101
    task_start_range               shift and go to state 102
    task_end_range                 shift and go to state 103
    task_duration_range            shift and go to state 104
    task_duration                  shift and go to state 105
    task_start_opt                 shift and go to state 106
    task_after                     shift and go to state 107
    task_containedin               shift and go to state 108
    param_block                    shift and go to state 109
    constraints_block              shift and go to state 110
    pre_block                      shift and go to state 111
    inv_block                      shift and go to state 112
    post_block                     shift and go to state 113
    task_impacts                   shift and go to state 114
    task_def                       shift and go to state 115
    empty                          shift and go to state 187
    impacts_block                  shift and go to state 130

state 406

    (54) task_def -> task_modifier_opt TASK NAME LBRACKET NUMBER DOTDOT NUMBER RBRACKET extends_opt LBRACE task_body_items RBRACE .

    RBRACE          reduce using rule 54 (task_def -> task_modifier_opt TASK NAME LBRACKET NUMBER DOTDOT NUMBER RBRACKET extends_opt LBRACE task_body_items RBRACE .)
    PARAM           reduce using rule 54 (task_def -> task_modifier_opt TASK NAME LBRACKET NUMBER DOTDOT NUMBER RBRACKET extends_opt LBRACE task_body_items RBRACE .)
    END             reduce using rule 54 (task_def -> task_modifier_opt TASK NAME LBRACKET NUMBER DOTDOT NUMBER RBRACKET extends_opt LBRACE task_body_items RBRACE .)
    TIMELINES       reduce using rule 54 (task_def -> task_modifier_opt TASK NAME LBRACKET NUMBER DOTDOT NUMBER RBRACKET extends_opt LBRACE task_body_items RBRACE .)
    INITIAL         reduce using rule 54 (task_def -> task_modifier_opt TASK NAME LBRACKET NUMBER DOTDOT NUMBER RBRACKET extends_opt LBRACE task_body_items RBRACE .)
    FINAL           reduce using rule 54 (task_def -> task_modifier_opt TASK NAME LBRACKET NUMBER DOTDOT NUMBER RBRACKET extends_opt LBRACE task_body_items RBRACE .)
    TASKDEF         reduce using rule 54 (task_def -> task_modifier_opt TASK NAME LBRACKET NUMBER DOTDOT NUMBER RBRACKET extends_opt LBRACE task_body_items RBRACE .)
    CONSTRAINTS     reduce using rule 54 (task_def -> task_modifier_opt TASK NAME LBRACKET NUMBER DOTDOT NUMBER RBRACKET extends_opt LBRACE task_body_items RBRACE .)
    PROPERTIES      reduce using rule 54 (task_def -> task_modifier_opt TASK NAME LBRACKET NUMBER DOTDOT NUMBER RBRACKET extends_opt LBRACE task_body_items RBRACE .)
    OPTIONAL        reduce using rule 54 (task_def -> task_modifier_opt TASK NAME LBRACKET NUMBER DOTDOT NUMBER RBRACKET extends_opt LBRACE task_body_items RBRACE .)
    REQUEST         reduce using rule 54 (task_def -> task_modifier_opt TASK NAME LBRACKET NUMBER DOTDOT NUMBER RBRACKET extends_opt LBRACE task_body_items RBRACE .)
    TASK            reduce using rule 54 (task_def -> task_modifier_opt TASK NAME LBRACKET NUMBER DOTDOT NUMBER RBRACKET extends_opt LBRACE task_body_items RBRACE .)
    ID_KW           reduce using rule 54 (task_def -> task_modifier_opt TASK NAME LBRACKET NUMBER DOTDOT NUMBER RBRACKET extends_opt LBRACE task_body_items RBRACE .)
    PRIORITY        reduce using rule 54 (task_def -> task_modifier_opt TASK NAME LBRACKET NUMBER DOTDOT NUMBER RBRACKET extends_opt LBRACE task_body_items RBRACE .)
    START_RANGE     reduce using rule 54 (task_def -> task_modifier_opt TASK NAME LBRACKET NUMBER DOTDOT NUMBER RBRACKET extends_opt LBRACE task_body_items RBRACE .)
    END_RANGE       reduce using rule 54 (task_def -> task_modifier_opt TASK NAME LBRACKET NUMBER DOTDOT NUMBER RBRACKET extends_opt LBRACE task_body_items RBRACE .)
    DURATION_RANGE  reduce using rule 54 (task_def -> task_modifier_opt TASK NAME LBRACKET NUMBER DOTDOT NUMBER RBRACKET extends_opt LBRACE task_body_items RBRACE .)
    DURATION        reduce using rule 54 (task_def -> task_modifier_opt TASK NAME LBRACKET NUMBER DOTDOT NUMBER RBRACKET extends_opt LBRACE task_body_items RBRACE .)
    START_KW        reduce using rule 54 (task_def -> task_modifier_opt TASK NAME LBRACKET NUMBER DOTDOT NUMBER RBRACKET extends_opt LBRACE task_body_items RBRACE .)
    AFTER           reduce using rule 54 (task_def -> task_modifier_opt TASK NAME LBRACKET NUMBER DOTDOT NUMBER RBRACKET extends_opt LBRACE task_body_items RBRACE .)
    CONTAINEDIN     reduce using rule 54 (task_def -> task_modifier_opt TASK NAME LBRACKET NUMBER DOTDOT NUMBER RBRACKET extends_opt LBRACE task_body_items RBRACE .)
    PRE             reduce using rule 54 (task_def -> task_modifier_opt TASK NAME LBRACKET NUMBER DOTDOT NUMBER RBRACKET extends_opt LBRACE task_body_items RBRACE .)
    INV             reduce using rule 54 (task_def -> task_modifier_opt TASK NAME LBRACKET NUMBER DOTDOT NUMBER RBRACKET extends_opt LBRACE task_body_items RBRACE .)
    POST            reduce using rule 54 (task_def -> task_modifier_opt TASK NAME LBRACKET NUMBER DOTDOT NUMBER RBRACKET extends_opt LBRACE task_body_items RBRACE .)
    IMPACTS         reduce using rule 54 (task_def -> task_modifier_opt TASK NAME LBRACKET NUMBER DOTDOT NUMBER RBRACKET extends_opt LBRACE task_body_items RBRACE .)

WARNING: 
WARNING: Conflicts:
WARNING: 
WARNING: shift/reduce conflict for NAME in state 31 resolved as shift
WARNING: shift/reduce conflict for NAME in state 32 resolved as shift
WARNING: shift/reduce conflict for NAME in state 33 resolved as shift
WARNING: shift/reduce conflict for PROP in state 37 resolved as shift
WARNING: shift/reduce conflict for NOT in state 37 resolved as shift
WARNING: shift/reduce conflict for ALWAYS in state 37 resolved as shift
WARNING: shift/reduce conflict for EVENTUALLY in state 37 resolved as shift
WARNING: shift/reduce conflict for SOFAR in state 37 resolved as shift
WARNING: shift/reduce conflict for ONCE in state 37 resolved as shift
WARNING: shift/reduce conflict for LPAREN in state 37 resolved as shift
WARNING: shift/reduce conflict for NAME in state 37 resolved as shift
WARNING: shift/reduce conflict for ACTIVE in state 37 resolved as shift
WARNING: shift/reduce conflict for TRUE in state 37 resolved as shift
WARNING: shift/reduce conflict for FALSE in state 37 resolved as shift
WARNING: shift/reduce conflict for TIME in state 37 resolved as shift
WARNING: shift/reduce conflict for SEQUENCE in state 37 resolved as shift
WARNING: shift/reduce conflict for MUTEX in state 37 resolved as shift
WARNING: shift/reduce conflict for PROP in state 38 resolved as shift
WARNING: shift/reduce conflict for NOT in state 38 resolved as shift
WARNING: shift/reduce conflict for ALWAYS in state 38 resolved as shift
WARNING: shift/reduce conflict for EVENTUALLY in state 38 resolved as shift
WARNING: shift/reduce conflict for SOFAR in state 38 resolved as shift
WARNING: shift/reduce conflict for ONCE in state 38 resolved as shift
WARNING: shift/reduce conflict for LPAREN in state 38 resolved as shift
WARNING: shift/reduce conflict for NAME in state 38 resolved as shift
WARNING: shift/reduce conflict for ACTIVE in state 38 resolved as shift
WARNING: shift/reduce conflict for TRUE in state 38 resolved as shift
WARNING: shift/reduce conflict for FALSE in state 38 resolved as shift
WARNING: shift/reduce conflict for TIME in state 38 resolved as shift
WARNING: shift/reduce conflict for SEQUENCE in state 38 resolved as shift
WARNING: shift/reduce conflict for MUTEX in state 38 resolved as shift
WARNING: shift/reduce conflict for ID_KW in state 51 resolved as shift
WARNING: shift/reduce conflict for PRIORITY in state 51 resolved as shift
WARNING: shift/reduce conflict for START_RANGE in state 51 resolved as shift
WARNING: shift/reduce conflict for END_RANGE in state 51 resolved as shift
WARNING: shift/reduce conflict for DURATION_RANGE in state 51 resolved as shift
WARNING: shift/reduce conflict for DURATION in state 51 resolved as shift
WARNING: shift/reduce conflict for START_KW in state 51 resolved as shift
WARNING: shift/reduce conflict for AFTER in state 51 resolved as shift
WARNING: shift/reduce conflict for CONTAINEDIN in state 51 resolved as shift
WARNING: shift/reduce conflict for PARAM in state 51 resolved as shift
WARNING: shift/reduce conflict for CONSTRAINTS in state 51 resolved as shift
WARNING: shift/reduce conflict for PRE in state 51 resolved as shift
WARNING: shift/reduce conflict for INV in state 51 resolved as shift
WARNING: shift/reduce conflict for POST in state 51 resolved as shift
WARNING: shift/reduce conflict for TASKDEF in state 51 resolved as shift
WARNING: shift/reduce conflict for IMPACTS in state 51 resolved as shift
WARNING: shift/reduce conflict for OPTIONAL in state 51 resolved as shift
WARNING: shift/reduce conflict for REQUEST in state 51 resolved as shift
WARNING: shift/reduce conflict for NAME in state 95 resolved as shift
WARNING: shift/reduce conflict for RBRACE in state 97 resolved as shift
WARNING: shift/reduce conflict for ID_KW in state 97 resolved as shift
WARNING: shift/reduce conflict for PRIORITY in state 97 resolved as shift
WARNING: shift/reduce conflict for START_RANGE in state 97 resolved as shift
WARNING: shift/reduce conflict for END_RANGE in state 97 resolved as shift
WARNING: shift/reduce conflict for DURATION_RANGE in state 97 resolved as shift
WARNING: shift/reduce conflict for DURATION in state 97 resolved as shift
WARNING: shift/reduce conflict for START_KW in state 97 resolved as shift
WARNING: shift/reduce conflict for AFTER in state 97 resolved as shift
WARNING: shift/reduce conflict for CONTAINEDIN in state 97 resolved as shift
WARNING: shift/reduce conflict for PARAM in state 97 resolved as shift
WARNING: shift/reduce conflict for CONSTRAINTS in state 97 resolved as shift
WARNING: shift/reduce conflict for PRE in state 97 resolved as shift
WARNING: shift/reduce conflict for INV in state 97 resolved as shift
WARNING: shift/reduce conflict for POST in state 97 resolved as shift
WARNING: shift/reduce conflict for TASKDEF in state 97 resolved as shift
WARNING: shift/reduce conflict for IMPACTS in state 97 resolved as shift
WARNING: shift/reduce conflict for OPTIONAL in state 97 resolved as shift
WARNING: shift/reduce conflict for REQUEST in state 97 resolved as shift
WARNING: shift/reduce conflict for NAME in state 203 resolved as shift
WARNING: shift/reduce conflict for PRE in state 204 resolved as shift
WARNING: shift/reduce conflict for INV in state 204 resolved as shift
WARNING: shift/reduce conflict for POST in state 204 resolved as shift
WARNING: shift/reduce conflict for NAME in state 205 resolved as shift
WARNING: shift/reduce conflict for NAME in state 206 resolved as shift
WARNING: shift/reduce conflict for NAME in state 207 resolved as shift
WARNING: shift/reduce conflict for PRE in state 208 resolved as shift
WARNING: shift/reduce conflict for MAINT in state 208 resolved as shift
WARNING: shift/reduce conflict for POST in state 208 resolved as shift
WARNING: shift/reduce conflict for ID_KW in state 209 resolved as shift
WARNING: shift/reduce conflict for PRIORITY in state 209 resolved as shift
WARNING: shift/reduce conflict for START_RANGE in state 209 resolved as shift
WARNING: shift/reduce conflict for END_RANGE in state 209 resolved as shift
WARNING: shift/reduce conflict for DURATION_RANGE in state 209 resolved as shift
WARNING: shift/reduce conflict for DURATION in state 209 resolved as shift
WARNING: shift/reduce conflict for START_KW in state 209 resolved as shift
WARNING: shift/reduce conflict for AFTER in state 209 resolved as shift
WARNING: shift/reduce conflict for CONTAINEDIN in state 209 resolved as shift
WARNING: shift/reduce conflict for PARAM in state 209 resolved as shift
WARNING: shift/reduce conflict for CONSTRAINTS in state 209 resolved as shift
WARNING: shift/reduce conflict for PRE in state 209 resolved as shift
WARNING: shift/reduce conflict for INV in state 209 resolved as shift
WARNING: shift/reduce conflict for POST in state 209 resolved as shift
WARNING: shift/reduce conflict for TASKDEF in state 209 resolved as shift
WARNING: shift/reduce conflict for IMPACTS in state 209 resolved as shift
WARNING: shift/reduce conflict for OPTIONAL in state 209 resolved as shift
WARNING: shift/reduce conflict for REQUEST in state 209 resolved as shift
WARNING: shift/reduce conflict for RBRACE in state 286 resolved as shift
WARNING: shift/reduce conflict for ID_KW in state 286 resolved as shift
WARNING: shift/reduce conflict for PRIORITY in state 286 resolved as shift
WARNING: shift/reduce conflict for START_RANGE in state 286 resolved as shift
WARNING: shift/reduce conflict for END_RANGE in state 286 resolved as shift
WARNING: shift/reduce conflict for DURATION_RANGE in state 286 resolved as shift
WARNING: shift/reduce conflict for DURATION in state 286 resolved as shift
WARNING: shift/reduce conflict for START_KW in state 286 resolved as shift
WARNING: shift/reduce conflict for AFTER in state 286 resolved as shift
WARNING: shift/reduce conflict for CONTAINEDIN in state 286 resolved as shift
WARNING: shift/reduce conflict for PARAM in state 286 resolved as shift
WARNING: shift/reduce conflict for CONSTRAINTS in state 286 resolved as shift
WARNING: shift/reduce conflict for PRE in state 286 resolved as shift
WARNING: shift/reduce conflict for INV in state 286 resolved as shift
WARNING: shift/reduce conflict for POST in state 286 resolved as shift
WARNING: shift/reduce conflict for TASKDEF in state 286 resolved as shift
WARNING: shift/reduce conflict for IMPACTS in state 286 resolved as shift
WARNING: shift/reduce conflict for OPTIONAL in state 286 resolved as shift
WARNING: shift/reduce conflict for REQUEST in state 286 resolved as shift
WARNING: shift/reduce conflict for NAME in state 327 resolved as shift
WARNING: shift/reduce conflict for ID_KW in state 357 resolved as shift
WARNING: shift/reduce conflict for PRIORITY in state 357 resolved as shift
WARNING: shift/reduce conflict for START_RANGE in state 357 resolved as shift
WARNING: shift/reduce conflict for END_RANGE in state 357 resolved as shift
WARNING: shift/reduce conflict for DURATION_RANGE in state 357 resolved as shift
WARNING: shift/reduce conflict for DURATION in state 357 resolved as shift
WARNING: shift/reduce conflict for START_KW in state 357 resolved as shift
WARNING: shift/reduce conflict for AFTER in state 357 resolved as shift
WARNING: shift/reduce conflict for CONTAINEDIN in state 357 resolved as shift
WARNING: shift/reduce conflict for PARAM in state 357 resolved as shift
WARNING: shift/reduce conflict for CONSTRAINTS in state 357 resolved as shift
WARNING: shift/reduce conflict for PRE in state 357 resolved as shift
WARNING: shift/reduce conflict for INV in state 357 resolved as shift
WARNING: shift/reduce conflict for POST in state 357 resolved as shift
WARNING: shift/reduce conflict for TASKDEF in state 357 resolved as shift
WARNING: shift/reduce conflict for IMPACTS in state 357 resolved as shift
WARNING: shift/reduce conflict for OPTIONAL in state 357 resolved as shift
WARNING: shift/reduce conflict for REQUEST in state 357 resolved as shift
WARNING: shift/reduce conflict for RBRACE in state 382 resolved as shift
WARNING: shift/reduce conflict for ID_KW in state 382 resolved as shift
WARNING: shift/reduce conflict for PRIORITY in state 382 resolved as shift
WARNING: shift/reduce conflict for START_RANGE in state 382 resolved as shift
WARNING: shift/reduce conflict for END_RANGE in state 382 resolved as shift
WARNING: shift/reduce conflict for DURATION_RANGE in state 382 resolved as shift
WARNING: shift/reduce conflict for DURATION in state 382 resolved as shift
WARNING: shift/reduce conflict for START_KW in state 382 resolved as shift
WARNING: shift/reduce conflict for AFTER in state 382 resolved as shift
WARNING: shift/reduce conflict for CONTAINEDIN in state 382 resolved as shift
WARNING: shift/reduce conflict for PARAM in state 382 resolved as shift
WARNING: shift/reduce conflict for CONSTRAINTS in state 382 resolved as shift
WARNING: shift/reduce conflict for PRE in state 382 resolved as shift
WARNING: shift/reduce conflict for INV in state 382 resolved as shift
WARNING: shift/reduce conflict for POST in state 382 resolved as shift
WARNING: shift/reduce conflict for TASKDEF in state 382 resolved as shift
WARNING: shift/reduce conflict for IMPACTS in state 382 resolved as shift
WARNING: shift/reduce conflict for OPTIONAL in state 382 resolved as shift
WARNING: shift/reduce conflict for REQUEST in state 382 resolved as shift
WARNING: shift/reduce conflict for ID_KW in state 400 resolved as shift
WARNING: shift/reduce conflict for PRIORITY in state 400 resolved as shift
WARNING: shift/reduce conflict for START_RANGE in state 400 resolved as shift
WARNING: shift/reduce conflict for END_RANGE in state 400 resolved as shift
WARNING: shift/reduce conflict for DURATION_RANGE in state 400 resolved as shift
WARNING: shift/reduce conflict for DURATION in state 400 resolved as shift
WARNING: shift/reduce conflict for START_KW in state 400 resolved as shift
WARNING: shift/reduce conflict for AFTER in state 400 resolved as shift
WARNING: shift/reduce conflict for CONTAINEDIN in state 400 resolved as shift
WARNING: shift/reduce conflict for PARAM in state 400 resolved as shift
WARNING: shift/reduce conflict for CONSTRAINTS in state 400 resolved as shift
WARNING: shift/reduce conflict for PRE in state 400 resolved as shift
WARNING: shift/reduce conflict for INV in state 400 resolved as shift
WARNING: shift/reduce conflict for POST in state 400 resolved as shift
WARNING: shift/reduce conflict for TASKDEF in state 400 resolved as shift
WARNING: shift/reduce conflict for IMPACTS in state 400 resolved as shift
WARNING: shift/reduce conflict for OPTIONAL in state 400 resolved as shift
WARNING: shift/reduce conflict for REQUEST in state 400 resolved as shift
WARNING: shift/reduce conflict for RBRACE in state 405 resolved as shift
WARNING: shift/reduce conflict for ID_KW in state 405 resolved as shift
WARNING: shift/reduce conflict for PRIORITY in state 405 resolved as shift
WARNING: shift/reduce conflict for START_RANGE in state 405 resolved as shift
WARNING: shift/reduce conflict for END_RANGE in state 405 resolved as shift
WARNING: shift/reduce conflict for DURATION_RANGE in state 405 resolved as shift
WARNING: shift/reduce conflict for DURATION in state 405 resolved as shift
WARNING: shift/reduce conflict for START_KW in state 405 resolved as shift
WARNING: shift/reduce conflict for AFTER in state 405 resolved as shift
WARNING: shift/reduce conflict for CONTAINEDIN in state 405 resolved as shift
WARNING: shift/reduce conflict for PARAM in state 405 resolved as shift
WARNING: shift/reduce conflict for CONSTRAINTS in state 405 resolved as shift
WARNING: shift/reduce conflict for PRE in state 405 resolved as shift
WARNING: shift/reduce conflict for INV in state 405 resolved as shift
WARNING: shift/reduce conflict for POST in state 405 resolved as shift
WARNING: shift/reduce conflict for TASKDEF in state 405 resolved as shift
WARNING: shift/reduce conflict for IMPACTS in state 405 resolved as shift
WARNING: shift/reduce conflict for OPTIONAL in state 405 resolved as shift
WARNING: shift/reduce conflict for REQUEST in state 405 resolved as shift
WARNING: reduce/reduce conflict in state 98 resolved using rule (task_body_items -> empty)
WARNING: rejected rule (task_start_opt -> empty) in state 98
WARNING: reduce/reduce conflict in state 98 resolved using rule (task_body_items -> empty)
WARNING: rejected rule (task_impacts -> empty) in state 98
WARNING: reduce/reduce conflict in state 98 resolved using rule (task_modifier_opt -> empty)
WARNING: rejected rule (task_body_items -> empty) in state 98
WARNING: reduce/reduce conflict in state 187 resolved using rule (task_start_opt -> empty)
WARNING: rejected rule (task_impacts -> empty) in state 187
WARNING: reduce/reduce conflict in state 187 resolved using rule (task_modifier_opt -> empty)
WARNING: rejected rule (task_start_opt -> empty) in state 187
WARNING: Rule (task_impacts -> empty) is never reduced
